-- phpMyAdmin SQL Dump
-- version 4.2.11
-- http://www.phpmyadmin.net
--
-- Host: 127.0.0.1
-- Generation Time: Jul 10, 2016 at 01:06 PM
-- Server version: 5.6.21
-- PHP Version: 5.6.3

SET SQL_MODE = "NO_AUTO_VALUE_ON_ZERO";
SET time_zone = "+00:00";


/*!40101 SET @OLD_CHARACTER_SET_CLIENT=@@CHARACTER_SET_CLIENT */;
/*!40101 SET @OLD_CHARACTER_SET_RESULTS=@@CHARACTER_SET_RESULTS */;
/*!40101 SET @OLD_COLLATION_CONNECTION=@@COLLATION_CONNECTION */;
/*!40101 SET NAMES utf8 */;

--
-- Database: `lwldb`
--

-- --------------------------------------------------------

--
-- Table structure for table `tbl_assistant`
--

CREATE TABLE IF NOT EXISTS `tbl_assistant` (
`id_assistant` int(3) NOT NULL,
  `nama` varchar(50) NOT NULL
) ENGINE=InnoDB AUTO_INCREMENT=11 DEFAULT CHARSET=latin1;

--
-- Dumping data for table `tbl_assistant`
--

INSERT INTO `tbl_assistant` (`id_assistant`, `nama`) VALUES
(1, 'Ajum'),
(2, 'Ajun'),
(3, 'Aldi'),
(4, 'Dedi'),
(5, 'Mul'),
(6, 'Najib'),
(7, 'Piyan'),
(8, 'Reza'),
(9, 'Timun'),
(10, 'Yayan');

-- --------------------------------------------------------

--
-- Table structure for table `tbl_class_name`
--

CREATE TABLE IF NOT EXISTS `tbl_class_name` (
`id_class_name` int(3) NOT NULL,
  `class_name` varchar(50) NOT NULL,
  `weight_class` enum('a','b','c') DEFAULT NULL
) ENGINE=InnoDB AUTO_INCREMENT=11 DEFAULT CHARSET=latin1;

--
-- Dumping data for table `tbl_class_name`
--

INSERT INTO `tbl_class_name` (`id_class_name`, `class_name`, `weight_class`) VALUES
(1, 'Piano', 'a'),
(2, 'Electone', 'a'),
(3, 'Digital Piano (Arius)', 'a'),
(4, 'Digital Piano (Clavinova)', 'a'),
(5, 'Keyboard A (25kg more)', 'b'),
(6, 'Keyboard B (25kg less)', 'b'),
(7, 'Drum Set', 'b'),
(8, 'Guitar', 'b'),
(9, 'Electric Guitar', 'b'),
(10, 'PA, MProd, Brass, Inst.Part, Acc.', 'c');

-- --------------------------------------------------------

--
-- Table structure for table `tbl_class_pricelist`
--

CREATE TABLE IF NOT EXISTS `tbl_class_pricelist` (
`id_class_pricelist` int(3) NOT NULL,
  `id_class_name` int(3) NOT NULL,
  `class_type` enum('price','volumetric','weight') DEFAULT NULL,
  `price` text,
  `id_region` int(3) DEFAULT NULL
) ENGINE=InnoDB AUTO_INCREMENT=291 DEFAULT CHARSET=latin1;

--
-- Dumping data for table `tbl_class_pricelist`
--

INSERT INTO `tbl_class_pricelist` (`id_class_pricelist`, `id_class_name`, `class_type`, `price`, `id_region`) VALUES
(1, 1, 'price', '1102500', 11),
(2, 1, 'volumetric', '0', 23),
(3, 1, 'price', '834000', 2),
(4, 1, 'price', '284600', 19),
(5, 1, 'price', '1062650', 27),
(6, 1, 'volumetric', '0', 7),
(7, 1, 'price', '818500', 24),
(8, 1, 'price', '179500', 20),
(9, 1, 'price', '351900', 15),
(10, 1, 'price', '960000', 29),
(11, 1, 'price', '769000', 12),
(12, 1, 'price', '575000', 16),
(13, 1, 'price', '328000', 18),
(14, 1, 'price', '1311750', 25),
(15, 1, 'price', '570000', 14),
(16, 1, 'price', '1311750', 1),
(17, 1, 'price', '1311750', 26),
(18, 1, 'price', '960000', 6),
(19, 1, 'volumetric', '0', 4),
(20, 1, 'price', '924000', 22),
(21, 1, 'price', '1062650', 28),
(22, 1, 'volumetric', '0', 21),
(23, 1, 'price', '575000', 17),
(24, 1, 'volumetric', '0', 5),
(25, 1, 'price', '328000', 10),
(26, 1, 'price', '402500', 13),
(27, 1, 'price', '413600', 8),
(28, 1, 'volumetric', '0', 3),
(29, 1, 'price', '328000', 9),
(30, 2, 'price', '506000', 11),
(31, 2, 'volumetric', '0', 23),
(32, 2, 'price', '287500', 2),
(33, 2, 'price', '151200', 19),
(34, 2, 'price', '504000', 27),
(35, 2, 'volumetric', '0', 7),
(36, 2, 'price', '582000', 24),
(37, 2, 'price', '139500', 20),
(38, 2, 'price', '185350', 15),
(39, 2, 'price', '402500', 29),
(40, 2, 'price', '358000', 12),
(41, 2, 'price', '440000', 16),
(42, 2, 'price', '198550', 18),
(43, 2, 'price', '770400', 25),
(44, 2, 'price', '307000', 14),
(45, 2, 'price', '770400', 1),
(46, 2, 'price', '770400', 26),
(47, 2, 'price', '387500', 6),
(48, 2, 'volumetric', '0', 4),
(49, 2, 'price', '373200', 22),
(50, 2, 'price', '504000', 28),
(51, 2, 'volumetric', '0', 21),
(52, 2, 'price', '440000', 17),
(53, 2, 'volumetric', '0', 5),
(54, 2, 'price', '191400', 10),
(55, 2, 'price', '198500', 13),
(56, 2, 'price', '209500', 8),
(57, 2, 'volumetric', '0', 3),
(58, 2, 'price', '191400', 9),
(59, 3, 'price', '506000', 11),
(60, 3, 'volumetric', '0', 23),
(61, 3, 'price', '287500', 2),
(62, 3, 'price', '151200', 19),
(63, 3, 'price', '504000', 27),
(64, 3, 'volumetric', '0', 7),
(65, 3, 'price', '504000', 24),
(66, 3, 'price', '140400', 20),
(67, 3, 'price', '170500', 15),
(68, 3, 'price', '386500', 29),
(69, 3, 'price', '341500', 12),
(70, 3, 'price', '440000', 16),
(71, 3, 'price', '191400', 18),
(72, 3, 'price', '770400', 25),
(73, 3, 'price', '307000', 14),
(74, 3, 'price', '770400', 1),
(75, 3, 'price', '770400', 26),
(76, 3, 'price', '387500', 6),
(77, 3, 'volumetric', '0', 4),
(78, 3, 'price', '373200', 22),
(79, 3, 'price', '504000', 28),
(80, 3, 'volumetric', '0', 21),
(81, 3, 'price', '440000', 17),
(82, 3, 'volumetric', '0', 5),
(83, 3, 'price', '191400', 10),
(84, 3, 'price', '198500', 13),
(85, 3, 'price', '209500', 8),
(86, 3, 'volumetric', '0', 3),
(87, 3, 'price', '191400', 9),
(88, 4, 'price', '548500', 11),
(89, 4, 'volumetric', '0', 23),
(90, 4, 'price', '365700', 2),
(91, 4, 'price', '173250', 19),
(92, 4, 'price', '582000', 27),
(93, 4, 'volumetric', '0', 7),
(94, 4, 'price', '582000', 24),
(95, 4, 'price', '139500', 20),
(96, 4, 'price', '185350', 15),
(97, 4, 'price', '402500', 29),
(98, 4, 'price', '358000', 12),
(99, 4, 'price', '440000', 16),
(100, 4, 'price', '198550', 18),
(101, 4, 'price', '769000', 25),
(102, 4, 'price', '319500', 14),
(103, 4, 'price', '769000', 1),
(104, 4, 'price', '769000', 26),
(105, 4, 'price', '402500', 6),
(106, 4, 'volumetric', '0', 4),
(107, 4, 'price', '392200', 22),
(108, 4, 'price', '582000', 28),
(109, 4, 'volumetric', '0', 21),
(110, 4, 'price', '440000', 17),
(111, 4, 'volumetric', '0', 5),
(112, 4, 'price', '198550', 10),
(113, 4, 'price', '198550', 13),
(114, 4, 'price', '218500', 8),
(115, 4, 'volumetric', '0', 3),
(116, 4, 'price', '198550', 9),
(117, 5, 'weight', '0', 11),
(118, 5, 'volumetric', '0', 23),
(119, 5, 'weight', '0', 2),
(120, 5, 'weight', '0', 19),
(121, 5, 'weight', '0', 27),
(122, 5, 'volumetric', '0', 7),
(123, 5, 'weight', '0', 24),
(124, 5, 'weight', '0', 20),
(125, 5, 'weight', '0', 15),
(126, 5, 'weight', '0', 29),
(127, 5, 'weight', '0', 12),
(128, 5, 'weight', '0', 16),
(129, 5, 'weight', '0', 18),
(130, 5, 'weight', '0', 25),
(131, 5, 'weight', '0', 14),
(132, 5, 'weight', '0', 1),
(133, 5, 'weight', '0', 26),
(134, 5, 'weight', '0', 6),
(135, 5, 'volumetric', '0', 4),
(136, 5, 'weight', '0', 22),
(137, 5, 'weight', '0', 28),
(138, 5, 'volumetric', '0', 21),
(139, 5, 'weight', '0', 17),
(140, 5, 'volumetric', '0', 5),
(141, 5, 'weight', '0', 10),
(142, 5, 'weight', '0', 13),
(143, 5, 'weight', '0', 8),
(144, 5, 'volumetric', '0', 3),
(145, 5, 'weight', '0', 9),
(146, 6, 'price', '182000', 11),
(147, 6, 'volumetric', '0', 23),
(148, 6, 'price', '84000', 2),
(149, 6, 'price', '46750', 19),
(150, 6, 'price', '128000', 27),
(151, 6, 'volumetric', '0', 7),
(152, 6, 'price', '128000', 24),
(153, 6, 'price', '36500', 20),
(154, 6, 'price', '51500', 15),
(155, 6, 'price', '107500', 29),
(156, 6, 'price', '115500', 12),
(157, 6, 'price', '85000', 16),
(158, 6, 'price', '58500', 18),
(159, 6, 'price', '135700', 25),
(160, 6, 'price', '111500', 14),
(161, 6, 'price', '135700', 1),
(162, 6, 'price', '135700', 26),
(163, 6, 'price', '107500', 6),
(164, 6, 'volumetric', '0', 4),
(165, 6, 'price', '96600', 22),
(166, 6, 'price', '128000', 28),
(167, 6, 'volumetric', '0', 21),
(168, 6, 'price', '85000', 17),
(169, 6, 'volumetric', '0', 5),
(170, 6, 'price', '58500', 10),
(171, 6, 'price', '60000', 13),
(172, 6, 'price', '69500', 8),
(173, 6, 'volumetric', '0', 3),
(174, 6, 'price', '58500', 9),
(175, 7, 'price', '248500', 11),
(176, 7, 'volumetric', '0', 23),
(177, 7, 'price', '228000', 2),
(178, 7, 'price', '103950', 19),
(179, 7, 'price', '256500', 27),
(180, 7, 'volumetric', '0', 7),
(181, 7, 'price', '250700', 24),
(182, 7, 'price', '69000', 20),
(183, 7, 'price', '107800', 15),
(184, 7, 'price', '239500', 29),
(185, 7, 'price', '144500', 12),
(186, 7, 'price', '119000', 16),
(187, 7, 'price', '110550', 18),
(188, 7, 'price', '314500', 25),
(189, 7, 'price', '133800', 14),
(190, 7, 'price', '314500', 1),
(191, 7, 'price', '314500', 26),
(192, 7, 'price', '239500', 6),
(193, 7, 'volumetric', '0', 4),
(194, 7, 'price', '234000', 22),
(195, 7, 'price', '256500', 28),
(196, 7, 'volumetric', '0', 21),
(197, 7, 'price', '119000', 17),
(198, 7, 'volumetric', '0', 5),
(199, 7, 'price', '110550', 10),
(200, 7, 'price', '111650', 13),
(201, 7, 'price', '129500', 8),
(202, 7, 'volumetric', '0', 3),
(203, 7, 'price', '110550', 9),
(204, 8, 'price', '198700', 11),
(205, 8, 'volumetric', '0', 23),
(206, 8, 'price', '114000', 2),
(207, 8, 'price', '49500', 19),
(208, 8, 'price', '142000', 27),
(209, 8, 'volumetric', '0', 7),
(210, 8, 'price', '142200', 24),
(211, 8, 'price', '32700', 20),
(212, 8, 'price', '58500', 15),
(213, 8, 'price', '137500', 29),
(214, 8, 'price', '131000', 12),
(215, 8, 'price', '94600', 16),
(216, 8, 'price', '60500', 18),
(217, 8, 'price', '161500', 25),
(218, 8, 'price', '121500', 14),
(219, 8, 'price', '161500', 1),
(220, 8, 'price', '161500', 26),
(221, 8, 'price', '133000', 6),
(222, 8, 'volumetric', '0', 4),
(223, 8, 'price', '125500', 22),
(224, 8, 'price', '142000', 28),
(225, 8, 'volumetric', '0', 21),
(226, 8, 'price', '94600', 17),
(227, 8, 'volumetric', '0', 5),
(228, 8, 'price', '60500', 10),
(229, 8, 'price', '63500', 13),
(230, 8, 'price', '77000', 8),
(231, 8, 'volumetric', '0', 3),
(232, 8, 'price', '60500', 9),
(233, 9, 'price', '182000', 11),
(234, 9, 'volumetric', '0', 23),
(235, 9, 'price', '38000', 2),
(236, 9, 'price', '36300', 19),
(237, 9, 'price', '49500', 27),
(238, 9, 'volumetric', '0', 7),
(239, 9, 'price', '49500', 24),
(240, 9, 'price', '29000', 20),
(241, 9, 'price', '39000', 15),
(242, 9, 'price', '46000', 29),
(243, 9, 'price', '85500', 12),
(244, 9, 'price', '48500', 16),
(245, 9, 'price', '40500', 18),
(246, 9, 'price', '54600', 25),
(247, 9, 'price', '58500', 14),
(248, 9, 'price', '54600', 1),
(249, 9, 'price', '54600', 26),
(250, 9, 'price', '46000', 6),
(251, 9, 'volumetric', '0', 4),
(252, 9, 'price', '44500', 22),
(253, 9, 'price', '49500', 28),
(254, 9, 'volumetric', '0', 21),
(255, 9, 'price', '48500', 17),
(256, 9, 'volumetric', '0', 5),
(257, 9, 'price', '40500', 10),
(258, 9, 'price', '41500', 13),
(259, 9, 'price', '55700', 8),
(260, 9, 'volumetric', '0', 3),
(261, 9, 'price', '40500', 9),
(262, 10, 'weight', '0', 11),
(263, 10, 'volumetric', '0', 23),
(264, 10, 'weight', '0', 2),
(265, 10, 'weight', '0', 19),
(266, 10, 'weight', '0', 27),
(267, 10, 'volumetric', '0', 7),
(268, 10, 'weight', '0', 24),
(269, 10, 'weight', '0', 20),
(270, 10, 'weight', '0', 15),
(271, 10, 'weight', '0', 29),
(272, 10, 'weight', '0', 12),
(273, 10, 'weight', '0', 16),
(274, 10, 'weight', '0', 18),
(275, 10, 'weight', '0', 25),
(276, 10, 'weight', '0', 14),
(277, 10, 'weight', '0', 1),
(278, 10, 'weight', '0', 26),
(279, 10, 'weight', '0', 6),
(280, 10, 'volumetric', '0', 4),
(281, 10, 'weight', '0', 22),
(282, 10, 'weight', '0', 28),
(283, 10, 'volumetric', '0', 21),
(284, 10, 'weight', '0', 17),
(285, 10, 'volumetric', '0', 5),
(286, 10, 'weight', '0', 10),
(287, 10, 'weight', '0', 13),
(288, 10, 'weight', '0', 8),
(289, 10, 'volumetric', '0', 3),
(290, 10, 'weight', '0', 9);

-- --------------------------------------------------------

--
-- Table structure for table `tbl_dealer`
--

CREATE TABLE IF NOT EXISTS `tbl_dealer` (
`id_dealer` int(3) NOT NULL,
  `nama_dealer` varchar(50) NOT NULL,
  `id_expedition` int(3) DEFAULT NULL,
  `id_region` int(3) DEFAULT NULL
) ENGINE=InnoDB AUTO_INCREMENT=92 DEFAULT CHARSET=latin1;

--
-- Dumping data for table `tbl_dealer`
--

INSERT INTO `tbl_dealer` (`id_dealer`, `nama_dealer`, `id_expedition`, `id_region`) VALUES
(1, 'MAHADEPA ABADI MANADO', 1, 1),
(2, 'MAHARUPA GATRA MANADO', 1, 1),
(3, 'ECAYO MUSIK BANDAR LAMPUNG', 2, 2),
(4, 'MAHARUPA GATRA LAMPUNG', 2, 2),
(5, 'BINTAN IRAMA SERASI', 3, 3),
(6, 'LATREOU', 4, 4),
(7, 'MAHARUPA GATRA SAMARINDA', 4, 5),
(8, 'SIMA ELEKTRONIK', 4, 5),
(9, 'MAHADEPA ABADI PADANG', 5, 6),
(10, 'RANIA IRAMA MUSIK', 5, 6),
(11, 'SALSA MUSIK', 6, 7),
(12, 'MG - PADANG', 7, 6),
(13, 'ASIA SPORT', 8, 8),
(14, 'DEMPO MUSIK', 8, 8),
(15, 'DIANA MUSIK', 8, 9),
(16, 'HALMAHERA', 8, 10),
(17, 'HANA MUSIK', 8, 9),
(18, 'INIMA MUSIK', 8, 11),
(19, 'IRAMA INDAH', 8, 11),
(20, 'IRAMA MANDIRI KARTIKA', 8, 8),
(21, 'IRAMA MAS SULAWESI', 8, 8),
(22, 'IRAMA MAS TEGAL SARI', 8, 8),
(23, 'IRAMA RUKMAKARTIKA', 8, 8),
(24, 'ISTANA MUSIK JOMBANG', 8, 12),
(25, 'JAYANADA', 8, 9),
(26, 'KURNIA MUSIK', 8, 10),
(27, 'KURNIA SOLO', 8, 13),
(28, 'KURNIA YOGYA', 8, 9),
(29, 'MAESTRO MC', 8, 8),
(30, 'MAHADEPA BALI', 8, 11),
(31, 'MAHARUPA GATRA MALANG', 8, 14),
(32, 'MAHARUPA GATRA SEMARANG', 8, 10),
(33, 'MALANG MC', 8, 14),
(34, 'MAX & JEANNY', 8, 15),
(35, 'MENTARI KASIH', 8, 8),
(36, 'METRO MUSIK', 8, 14),
(37, 'MG - SURABAYA', 8, 8),
(38, 'MODERN SPORT', 8, 8),
(39, 'MOSHI-MOSHI', 8, 8),
(40, 'OBOR DHANI', 8, 10),
(41, 'QUEEN MUSIK', 8, 13),
(42, 'SANTARIO', 8, 8),
(43, 'SEMESTA HARMONI', 8, 8),
(44, 'SRIWIJAYA MUSIK', 8, 9),
(45, 'STAND WOODS', 8, 10),
(46, 'SURABAYA MC', 8, 8),
(47, 'SURYA PUTRA', 8, 10),
(48, 'WM HARAPAN', 8, 16),
(49, 'WM MELODIA', 8, 8),
(50, 'WM PURNOMO', 8, 10),
(51, 'PURWOKERTO MC', 9, 17),
(52, 'SANTOSA MUSIK', 9, 18),
(53, 'WAHANA MUSIK PADANG', 10, 6),
(54, 'BRAGA MC', 11, 19),
(55, 'GEORAMA', 11, 19),
(56, 'HARMONI MUSIK', 11, 20),
(57, 'IRAMA MUSIK_SM NADA', 11, 19),
(58, 'ISTANA NADA', 11, 19),
(59, 'MG - BANDUNG', 11, 19),
(60, 'NADA MUSIK HARMONI', 11, 19),
(61, 'NADA NARIPAN', 11, 19),
(62, 'SUMBER MAKMUR', 11, 19),
(63, 'TIGA NADA', 11, 19),
(64, 'AUDIOSEN', 12, 21),
(65, 'ANATU GEMILANG', 13, 22),
(66, 'ECAYO MUSIK PALEMBANG', 13, 22),
(67, 'MG - PALEMBANG', 13, 22),
(68, 'DOREMI BALIKPAPAN', 14, 23),
(69, 'BALERANG MUSIK', 15, 24),
(70, 'CLASSY MUSIC', 15, 24),
(71, 'RANIA IRAMA', 16, 25),
(72, 'MAHARUPA GATRA PALEMBANG', 17, 22),
(73, 'MATAHARI SPORT', 17, 22),
(74, 'SUMATERA SPORT PALEMBANG', 17, 22),
(75, 'SWARA INDAH', 17, 22),
(76, 'DUNIA MUSIK', 18, 26),
(77, 'ISTANA MUSIK MEDAN', 18, 26),
(78, 'MAHAPADA LESTARI', 18, 26),
(79, 'MAHARUPA GATRA MEDAN', 18, 26),
(80, 'RAJA SPORT', 18, 26),
(81, 'SIBAL MUSIK', 18, 26),
(82, 'SUMATERA SPORT MEDAN', 18, 26),
(83, 'TANGO MUSIC', 18, 26),
(84, 'SUMBER JADI MAKMUR', 19, 27),
(85, 'I-HOMES PEKANBARU', 20, 28),
(86, 'MG - PEKANBARU', 20, 28),
(87, 'TRIBAHANA GITA MULIA', 20, 28),
(88, 'JAMBI MUSIK', 21, 29),
(89, 'MAHARUPA GATRA JAMBI', 21, 29),
(90, 'SEPTIM MUSIK', 22, 1),
(91, 'ERA MUSIKA', 23, 26);

-- --------------------------------------------------------

--
-- Table structure for table `tbl_driver`
--

CREATE TABLE IF NOT EXISTS `tbl_driver` (
`id_driver` int(3) NOT NULL,
  `nama` varchar(50) NOT NULL
) ENGINE=InnoDB AUTO_INCREMENT=16 DEFAULT CHARSET=latin1;

--
-- Dumping data for table `tbl_driver`
--

INSERT INTO `tbl_driver` (`id_driver`, `nama`) VALUES
(1, 'Adi'),
(2, 'Agus'),
(3, 'Aji'),
(4, 'Andre'),
(5, 'Arif'),
(6, 'Dahlan'),
(7, 'Dul'),
(8, 'Edi'),
(9, 'Ibnu'),
(10, 'Mista'),
(11, 'Nasri'),
(12, 'Saptono'),
(13, 'Topik'),
(14, 'Yusuf'),
(15, 'RENTAL');

-- --------------------------------------------------------

--
-- Table structure for table `tbl_expedition`
--

CREATE TABLE IF NOT EXISTS `tbl_expedition` (
`id_expedition` int(3) NOT NULL,
  `nama_expedition` varchar(50) NOT NULL,
  `duration` int(3) DEFAULT NULL
) ENGINE=InnoDB AUTO_INCREMENT=24 DEFAULT CHARSET=latin1;

--
-- Dumping data for table `tbl_expedition`
--

INSERT INTO `tbl_expedition` (`id_expedition`, `nama_expedition`, `duration`) VALUES
(1, 'ALTRANS', 5),
(2, 'BERKAT ABADI JAYA ', 5),
(3, 'BINTAN MEGAH ABADI ', 5),
(4, 'BUANA RAYA ', 5),
(5, 'CAHAYA LINTAS ', 5),
(6, 'CV. ANGKASA ', 5),
(7, 'DAKOTA', 5),
(8, 'KWARTET', 5),
(9, 'LANCAR WIJAYA', 5),
(10, 'MADANI EXPRESS ', 5),
(11, 'METROTARA', 5),
(12, 'MITRA BERSAMA ', 5),
(13, 'MULTI EXPRESS ', 5),
(14, 'MUTIARA EKSPRESS ', 5),
(15, 'PERINTIS UTAMA ', 5),
(16, 'PUTRA GUNA JAYA ', 5),
(17, 'RATU BERLIAN ', 5),
(18, 'SEMANGAT', 5),
(19, 'SRIKANDI CARGO ', 5),
(20, 'SUBUR ANTAR NUSA ', 5),
(21, 'TERANG JAYA ', 5),
(22, 'TRI TUNGGAL ', 5),
(23, 'TRIBINA KARYA ', 5);

-- --------------------------------------------------------

--
-- Table structure for table `tbl_min_pricelist`
--

CREATE TABLE IF NOT EXISTS `tbl_min_pricelist` (
`id_min_pricelist` int(3) NOT NULL,
  `id_region` int(3) NOT NULL,
  `price_list` text NOT NULL
) ENGINE=InnoDB AUTO_INCREMENT=30 DEFAULT CHARSET=latin1;

--
-- Dumping data for table `tbl_min_pricelist`
--

INSERT INTO `tbl_min_pricelist` (`id_min_pricelist`, `id_region`, `price_list`) VALUES
(1, 11, '175000'),
(2, 23, '0'),
(3, 2, '57500'),
(4, 19, '57500'),
(5, 27, '84600'),
(6, 7, '0'),
(7, 24, '83000'),
(8, 20, '48500'),
(9, 15, '61600'),
(10, 29, '69500'),
(11, 12, '85500'),
(12, 16, '72600'),
(13, 18, '70500'),
(14, 25, '94000'),
(15, 14, '83000'),
(16, 1, '94000'),
(17, 26, '94000'),
(18, 6, '69500'),
(19, 4, '0'),
(20, 22, '63500'),
(21, 28, '84600'),
(22, 21, '0'),
(23, 17, '72600'),
(24, 5, '0'),
(25, 10, '70500'),
(26, 13, '71500'),
(27, 8, '80500'),
(28, 3, '0'),
(29, 9, '70500');

-- --------------------------------------------------------

--
-- Table structure for table `tbl_product_catalog`
--

CREATE TABLE IF NOT EXISTS `tbl_product_catalog` (
`id_product_catalog` int(3) NOT NULL,
  `product_name` varchar(50) NOT NULL,
  `weight` text,
  `volumetric` int(4) DEFAULT NULL,
  `panjang` text,
  `lebar` text,
  `tinggi` text,
  `packing_status` enum('yes','no') DEFAULT NULL,
  `id_class_name` int(3) DEFAULT NULL
) ENGINE=InnoDB AUTO_INCREMENT=142 DEFAULT CHARSET=latin1;

--
-- Dumping data for table `tbl_product_catalog`
--

INSERT INTO `tbl_product_catalog` (`id_product_catalog`, `product_name`, `weight`, `volumetric`, `panjang`, `lebar`, `tinggi`, `packing_status`, `id_class_name`) VALUES
(1, 'JU', '215', 385, '156/166', '63/72', '116/128', 'yes', 1),
(2, 'JX', '215', 385, '156/166', '63/72', '116/128', 'yes', 1),
(3, 'U1', '260', 474, '159/169', '72/80', '129/140', 'yes', 1),
(4, 'GB1', '300', 378, '169', '55', '163', '', 1),
(5, 'DGB', '295', 460, '203', '55', '165', '', 1),
(6, 'C3 ', '460', 539, '235', '56', '164', '', 1),
(7, 'PSRS 710', '18', 37, '115', '52', '25', '', 6),
(8, 'PSRS 910', '18', 37, '115', '52', '25', '', 6),
(9, 'PSRS 650', '11', 28, '109', '49', '21', '', 6),
(10, 'PSRA 2000', '18', 37, '115', '52', '25', '', 6),
(11, 'PSRE 233', '7', 18, '107', '41', '16', '', 6),
(12, 'PSRE 333', '8', 19, '107', '43', '17', '', 6),
(13, 'PSRE 423', '11', 27, '105', '50', '21', '', 6),
(14, 'PSRE 433', '11', 28, '105', '50', '22', '', 6),
(15, 'DGX 230', '15', 45, '128', '55', '26', '', 6),
(16, 'DGX 530', '30', 65, '148', '55', '32', '', 5),
(17, 'DGX 640', '38', 72, '150', '55', '35', '', 5),
(18, 'TYROS 4', '25', 53, '137', '56', '28', '', 6),
(19, 'PSRNPV 80', '12', 33, '141', '41', '23', '', 6),
(20, 'PSR-343', '18', 20, '107', '43', '17', '', 6),
(21, 'PSR-243', '18', 18, '', '', '', '', 6),
(22, 'PSR F 150', '5', 15, '100', '43', '17', '', 6),
(23, 'PSR-443', '16', 28, '107', '50', '21', '', 6),
(24, 'DGX 650', '38', 68, '', '', '', '', 5),
(25, 'PSR 353', '', 19, '107', '43', '17', '', 6),
(26, 'PSR 253', '6', 16, '107', '38', '16', '', 6),
(27, 'PSR 670', '16', 32, '110', '52', '23', '', 6),
(28, 'PSR 970', '18', 38, '118', '52', '25', '', 6),
(29, 'PSR 770', '18', 38, '118', '52', '25', '', 6),
(30, 'TYROS 5', '22', 55, '138', '57', '28', '', 6),
(31, 'TYROS 5 SET', '44', 84, '', '', '', '', 5),
(32, 'DGX 660', '39', 68, '150', '55', '33', '', 5),
(33, 'EPP 45 B', '19', 45, '148', '41', '30', '', 6),
(34, 'CP 40', '18', NULL, '', '', '', '', 6),
(35, 'CP 50', '', 43, '159', '44', '25', '', 6),
(36, 'MOTIF XF7', '23', NULL, '143', '49', '25', '', 10),
(37, 'YDP S31', '48', 74, '149', '39', '51', '', 3),
(38, 'YDP C71 PE', '68', 98, '147', '58', '46', '', 3),
(39, 'YDP 141', '60', 87, '142', '57', '43', '', 3),
(40, 'YDP 161', '64', 87, '142', '57', '43', '', 3),
(41, 'YDP V240', '75', 121, '147', '61', '54', '', 3),
(42, 'CLP 430R', '93', 164, '153', '65', '66', '', 4),
(43, 'CLP 440R', '98', 164, '153', '65', '66', '', 4),
(44, 'CVP 501', '96', 120, '149', '51', '60', '', 4),
(45, 'CVP 503', '103', 167, '153', '77', '57', '', 4),
(46, 'CVP 505', '119', 197, '157', '75', '67', '', 4),
(47, 'CVP 505PE', '119', 197, '157', '75', '67', '', 4),
(48, 'ELB 01', '85', 156, '126', '73', '68', '', 2),
(49, 'ELS 01', '145', 279, '135', '74', '112', '', 2),
(50, 'CLP 465', '140', 316, '156', '133', '61', '', 4),
(51, 'BC-100 DR', '5', 8, '65', '34', '14', '', 10),
(52, 'CVP 605', '', 198, '155', '74', '69', '', 4),
(53, 'CVP 601', '96', 173, '146', '72', '66', '', 4),
(54, 'CVP 609', '124', 209, '157', '75', '71', '', 4),
(55, 'CVP 565 GP', '146', 345, '160', '137', '63', '', 4),
(56, 'CLP 525', '72', 104, '146', '57', '50', '', 4),
(57, 'YDP 142', '57', 87, '142', '57', '43', '', 3),
(58, 'YDP 143B', '57', 87, '142', '57', '43', '', 3),
(59, 'ELS 02', '136', NULL, '', '', '', '', 2),
(60, 'CVP 701 B', '94', 173, '145', '72', '65', '', 4),
(61, 'CVP 705', '118', 204, '154', '74', '69', '', 4),
(62, 'YDP 162', '69', NULL, '143', '57', '48', '', 3),
(63, 'CVP 709', '121', 325, '160', '136', '59', '', 4),
(64, 'YDP 143R', '57', 85, '143', '57', '42', '', 3),
(65, 'C 40', '17', 57, '104', '38', '58', '', 8),
(66, 'C 80', '17', 57, '104', '38', '58', '', 8),
(67, 'C 315', '17', 57, '104', '38', '58', '', 8),
(68, 'CS 40', '17', 57, '104', '38', '58', '', 8),
(69, 'CX 40', '17', 57, '104', '38', '58', '', 8),
(70, 'CGS 102', '16', 44, '94', '35', '53', '', 8),
(71, 'F 310', '21', 74, '106/162', '42', '65', '', 8),
(72, 'F 335 TBS', '21', 74, '106/162', '42', '65', '', 8),
(73, 'FX 310', '21', 72, '106', '42', '65', '', 8),
(74, 'F 350', '21', 72, '106', '42', '65', '', 8),
(75, 'F 360', '21', 72, '106', '42', '65', '', 8),
(76, 'GL 1', '8.5', 23, '73', '29', '44', '', 8),
(77, 'JR 1', '16', 47, '90', '37', '67', '', 8),
(78, 'APX 500', '3.2', 17, '110', '50', '12', '', 9),
(79, 'CPX 500', '3.5', 25, '111', '57', '16', '', 9),
(80, 'CG 142', '', 12, '104', '49', '14', '', 8),
(81, 'PAC 112', '6', 13, '108', '45.5', '10.5', '', 9),
(82, 'RBX 270', '6', 13, '108', '45.5', '10.5', '', 9),
(83, 'SLG 130', '6', 16, '104', '45.5', '14', '', 9),
(84, 'SLG 110', '6', 18, '104', '49', '14.5', '', 9),
(85, 'NTX 1200', '6.5', 33, '115', '58', '20', '', 8),
(86, 'NCX 700', '', 18, '104', '49', '14', '', 8),
(87, 'BB 424', '6', 16, '127.5', '47', '105', '', 9),
(88, 'BB 425', '7', 16, '127.6', '48', '106', '', 9),
(89, 'FG 700S', '', 22, '108', '53', '16', '', 8),
(90, 'JR 2 SNT', '3', 4, '', '', '', '', 8),
(91, 'CGX 102', '3', 3, '', '', '', '', 8),
(92, 'CGX 102 / DUS', '', 57, '', '', '', '', 8),
(93, 'CGS 102 / DUS', '', 44, '', '', '', '', 8),
(94, 'SLG', '', 6, '', '', '', '', 9),
(95, 'C 330', '17', NULL, '103', '39', '62', '', 8),
(96, 'C 390', '17', NULL, '103', '39', '62', '', 8),
(97, 'CG 122', '', 18, '', '', '', '', 8),
(98, 'HXR 2L', '10', NULL, '', '', '', '', 10),
(99, 'APXT 2NT', '3', 12, '', '', '', '', 9),
(100, 'TRBX', '', 15, '', '', '', '', 9),
(101, 'VXS 3 TF', '3', NULL, '31', '24', '21', '', 10),
(102, 'VXS 5', '10', NULL, '46', '28', '41', '', 10),
(103, 'MCR B 020', '6.1', NULL, '50', '31', '22.5', '', 10),
(104, 'MOTIF XF8', '39', 35, '15', '50', '57', '', 10),
(105, 'KMS 2600', '15', 66, '', '', '', '', 10),
(106, 'PKTYROS 5 SET', '44', NULL, '', '', '', '', 10),
(107, 'HXR 2L II', '10', NULL, '', '', '', '', 10),
(108, 'PW 800', '10', NULL, '', '', '', '', 10),
(109, 'PM 5D', '98', NULL, '', '', '', '', 10),
(110, 'MS 9314', '11', NULL, '', '', '', '', 10),
(111, 'TX KP 100', '9', NULL, '64', '48', '25', '', 10),
(112, 'SPS 900', '15', NULL, '67', '45', '22', '', 10),
(113, 'MA 2030', '3', NULL, '42', '28', '12', '', 10),
(114, 'VR 12', '8', NULL, '', '', '', '', 10),
(115, 'UR 12', '12', NULL, '', '', '', '', 10),
(116, 'UR 22', '12', NULL, '', '', '', '', 10),
(117, 'UR 44', '12', NULL, '', '', '', '', 10),
(118, 'UR 824', '5', NULL, '', '', '', '', 10),
(119, 'MX 61', '6', NULL, '', '', '', '', 10),
(120, 'Alto Saxophone', '6', 18, '76', '25', '39', '', 10),
(121, 'Flute (YFL 211)', '1', 2, '44', '15', '10.8', '', 10),
(122, 'Dus Flute (Isi 10)', '11', NULL, '57', '34', '46', '', 10),
(123, 'P 37D (Isi 10)', '18', 18, '53', '34', '39', '', 10),
(124, 'YRS 23 (Recorder)', '2', 7, '37', '30', '24', '', 10),
(125, 'YCL 255 (Clarinet)', '2', 5, '38', '15', '32', '', 10),
(126, 'Dus Klarinet (Isi 10)', '22', NULL, '78', '66', '40', '', 10),
(127, 'YRA 27 III (Isi 10)', '4', NULL, '48', '32', '7', '', 10),
(128, 'Dus YRA 27 III (Isi 5 pcs)', '18', NULL, '49', '37', '35', '', 10),
(129, 'Trumpet (YTR 2335S)', '6', NULL, '65', '27', '38', '', 10),
(130, 'Trumpet (YTR 1335swbII)', '4', NULL, '59.5', '19', '32', '', 10),
(131, 'PMP 32 (Isi 600 pcs)', '10', NULL, '61', '43', '30', '', 10),
(132, 'PTP 32D', '5', NULL, '65', '31', '34', '', 10),
(133, 'YMP - 204C', '6', 1, '56', '36', '38', '', 10),
(134, 'P 32D (Pianica)', '11', 12, '46', '12', '29', '', 10),
(135, 'DTX 400K', '27.5', 41, '89', '58', '32', '', 7),
(136, 'DTX 450K', '37', 55, '89', '58', '43', '', 7),
(137, 'DTX 520K', '42', 105, '', '', '', '', 7),
(138, 'DTX 540K', '', 111, '', '', '', '', 7),
(139, 'DTX 700K', '47', 127, '', '', '', '', 7),
(140, 'DTX 750K', '', 134, '', '', '', '', 7),
(141, 'Drum Gig Maker', '', 76, '', '', '', '', 7);

-- --------------------------------------------------------

--
-- Table structure for table `tbl_product_price_list`
--

CREATE TABLE IF NOT EXISTS `tbl_product_price_list` (
`id_product_price_list` int(3) NOT NULL,
  `id_product_catalog` int(3) NOT NULL,
  `id_class_price` int(3) NOT NULL,
  `id_region` int(3) NOT NULL,
  `type` enum('p','v','k','j') NOT NULL,
  `price` int(10) NOT NULL,
  `perkalian` int(10) DEFAULT NULL
) ENGINE=InnoDB AUTO_INCREMENT=4090 DEFAULT CHARSET=latin1;

--
-- Dumping data for table `tbl_product_price_list`
--

INSERT INTO `tbl_product_price_list` (`id_product_price_list`, `id_product_catalog`, `id_class_price`, `id_region`, `type`, `price`, `perkalian`) VALUES
(1, 1, 1, 11, 'p', 1102500, NULL),
(2, 1, 1, 23, 'p', 2829750, NULL),
(3, 1, 1, 2, 'p', 834000, NULL),
(4, 1, 1, 19, 'p', 284600, NULL),
(5, 1, 1, 27, 'p', 1062650, NULL),
(6, 1, 1, 7, 'p', 1819125, NULL),
(7, 1, 1, 24, 'p', 818500, NULL),
(8, 1, 1, 20, 'p', 179500, NULL),
(9, 1, 1, 15, 'p', 351900, NULL),
(10, 1, 1, 29, 'p', 960000, NULL),
(11, 1, 1, 12, 'p', 769000, NULL),
(12, 1, 1, 16, 'p', 575000, NULL),
(13, 1, 1, 18, 'p', 328000, NULL),
(14, 1, 1, 25, 'p', 1311750, NULL),
(15, 1, 1, 14, 'p', 570000, NULL),
(16, 1, 1, 1, 'p', 1311750, NULL),
(17, 1, 1, 26, 'p', 1311750, NULL),
(18, 1, 1, 6, 'p', 960000, NULL),
(19, 1, 1, 4, 'p', 4620000, NULL),
(20, 1, 1, 22, 'p', 924000, NULL),
(21, 1, 1, 28, 'p', 1062650, NULL),
(22, 1, 1, 21, 'p', 2021250, NULL),
(23, 1, 1, 17, 'p', 575000, NULL),
(24, 1, 1, 5, 'p', 3234000, NULL),
(25, 1, 1, 10, 'p', 328000, NULL),
(26, 1, 1, 13, 'p', 402500, NULL),
(27, 1, 1, 8, 'p', 413600, NULL),
(28, 1, 1, 3, 'p', 0, NULL),
(29, 1, 1, 9, 'p', 328000, NULL),
(30, 2, 1, 11, 'p', 1102500, NULL),
(31, 2, 1, 23, 'p', 2829750, NULL),
(32, 2, 1, 2, 'p', 834000, NULL),
(33, 2, 1, 19, 'p', 284600, NULL),
(34, 2, 1, 27, 'p', 1062650, NULL),
(35, 2, 1, 7, 'p', 1819125, NULL),
(36, 2, 1, 24, 'p', 818500, NULL),
(37, 2, 1, 20, 'p', 179500, NULL),
(38, 2, 1, 15, 'p', 351900, NULL),
(39, 2, 1, 29, 'p', 960000, NULL),
(40, 2, 1, 12, 'p', 769000, NULL),
(41, 2, 1, 16, 'p', 575000, NULL),
(42, 2, 1, 18, 'p', 328000, NULL),
(43, 2, 1, 25, 'p', 1311750, NULL),
(44, 2, 1, 14, 'p', 570000, NULL),
(45, 2, 1, 1, 'p', 1311750, NULL),
(46, 2, 1, 26, 'p', 1311750, NULL),
(47, 2, 1, 6, 'p', 960000, NULL),
(48, 2, 1, 4, 'p', 4620000, NULL),
(49, 2, 1, 22, 'p', 924000, NULL),
(50, 2, 1, 28, 'p', 1062650, NULL),
(51, 2, 1, 21, 'p', 2021250, NULL),
(52, 2, 1, 17, 'p', 575000, NULL),
(53, 2, 1, 5, 'p', 3234000, NULL),
(54, 2, 1, 10, 'p', 328000, NULL),
(55, 2, 1, 13, 'p', 402500, NULL),
(56, 2, 1, 8, 'p', 413600, NULL),
(57, 2, 1, 3, 'p', 0, NULL),
(58, 2, 1, 9, 'p', 328000, NULL),
(59, 3, 1, 11, 'p', 1102500, NULL),
(60, 3, 1, 23, 'p', 3483900, NULL),
(61, 3, 1, 2, 'p', 834000, NULL),
(62, 3, 1, 19, 'p', 284600, NULL),
(63, 3, 1, 27, 'p', 1062650, NULL),
(64, 3, 1, 7, 'p', 2239650, NULL),
(65, 3, 1, 24, 'p', 818500, NULL),
(66, 3, 1, 20, 'p', 179500, NULL),
(67, 3, 1, 15, 'p', 351900, NULL),
(68, 3, 1, 29, 'p', 960000, NULL),
(69, 3, 1, 12, 'p', 769000, NULL),
(70, 3, 1, 16, 'p', 575000, NULL),
(71, 3, 1, 18, 'p', 328000, NULL),
(72, 3, 1, 25, 'p', 1311750, NULL),
(73, 3, 1, 14, 'p', 570000, NULL),
(74, 3, 1, 1, 'p', 1311750, NULL),
(75, 3, 1, 26, 'p', 1311750, NULL),
(76, 3, 1, 6, 'p', 960000, NULL),
(77, 3, 1, 4, 'p', 5688000, NULL),
(78, 3, 1, 22, 'p', 924000, NULL),
(79, 3, 1, 28, 'p', 1062650, NULL),
(80, 3, 1, 21, 'p', 2488500, NULL),
(81, 3, 1, 17, 'p', 575000, NULL),
(82, 3, 1, 5, 'p', 3981600, NULL),
(83, 3, 1, 10, 'p', 328000, NULL),
(84, 3, 1, 13, 'p', 402500, NULL),
(85, 3, 1, 8, 'p', 413600, NULL),
(86, 3, 1, 3, 'p', 0, NULL),
(87, 3, 1, 9, 'p', 328000, NULL),
(88, 4, 1, 11, 'p', 1102500, NULL),
(89, 4, 1, 23, 'p', 2778300, NULL),
(90, 4, 1, 2, 'p', 834000, NULL),
(91, 4, 1, 19, 'p', 284600, NULL),
(92, 4, 1, 27, 'p', 1062650, NULL),
(93, 4, 1, 7, 'p', 1786050, NULL),
(94, 4, 1, 24, 'p', 818500, NULL),
(95, 4, 1, 20, 'p', 179500, NULL),
(96, 4, 1, 15, 'p', 351900, NULL),
(97, 4, 1, 29, 'p', 960000, NULL),
(98, 4, 1, 12, 'p', 769000, NULL),
(99, 4, 1, 16, 'p', 575000, NULL),
(100, 4, 1, 18, 'p', 328000, NULL),
(101, 4, 1, 25, 'p', 1311750, NULL),
(102, 4, 1, 14, 'p', 570000, NULL),
(103, 4, 1, 1, 'p', 1311750, NULL),
(104, 4, 1, 26, 'p', 1311750, NULL),
(105, 4, 1, 6, 'p', 960000, NULL),
(106, 4, 1, 4, 'p', 4536000, NULL),
(107, 4, 1, 22, 'p', 924000, NULL),
(108, 4, 1, 28, 'p', 1062650, NULL),
(109, 4, 1, 21, 'p', 1984500, NULL),
(110, 4, 1, 17, 'p', 575000, NULL),
(111, 4, 1, 5, 'p', 3175200, NULL),
(112, 4, 1, 10, 'p', 328000, NULL),
(113, 4, 1, 13, 'p', 402500, NULL),
(114, 4, 1, 8, 'p', 413600, NULL),
(115, 4, 1, 3, 'p', 0, NULL),
(116, 4, 1, 9, 'p', 328000, NULL),
(117, 5, 1, 11, 'p', 1102500, NULL),
(118, 5, 1, 23, 'p', 3381000, NULL),
(119, 5, 1, 2, 'p', 834000, NULL),
(120, 5, 1, 19, 'p', 284600, NULL),
(121, 5, 1, 27, 'p', 1062650, NULL),
(122, 5, 1, 7, 'p', 2173500, NULL),
(123, 5, 1, 24, 'p', 818500, NULL),
(124, 5, 1, 20, 'p', 179500, NULL),
(125, 5, 1, 15, 'p', 351900, NULL),
(126, 5, 1, 29, 'p', 960000, NULL),
(127, 5, 1, 12, 'p', 769000, NULL),
(128, 5, 1, 16, 'p', 575000, NULL),
(129, 5, 1, 18, 'p', 328000, NULL),
(130, 5, 1, 25, 'p', 1311750, NULL),
(131, 5, 1, 14, 'p', 570000, NULL),
(132, 5, 1, 1, 'p', 1311750, NULL),
(133, 5, 1, 26, 'p', 1311750, NULL),
(134, 5, 1, 6, 'p', 960000, NULL),
(135, 5, 1, 4, 'p', 5520000, NULL),
(136, 5, 1, 22, 'p', 924000, NULL),
(137, 5, 1, 28, 'p', 1062650, NULL),
(138, 5, 1, 21, 'p', 2415000, NULL),
(139, 5, 1, 17, 'p', 575000, NULL),
(140, 5, 1, 5, 'p', 3864000, NULL),
(141, 5, 1, 10, 'p', 328000, NULL),
(142, 5, 1, 13, 'p', 402500, NULL),
(143, 5, 1, 8, 'p', 413600, NULL),
(144, 5, 1, 3, 'p', 0, NULL),
(145, 5, 1, 9, 'p', 328000, NULL),
(146, 6, 1, 11, 'p', 1102500, NULL),
(147, 6, 1, 23, 'p', 3961650, NULL),
(148, 6, 1, 2, 'p', 834000, NULL),
(149, 6, 1, 19, 'p', 284600, NULL),
(150, 6, 1, 27, 'p', 1062650, NULL),
(151, 6, 1, 7, 'p', 2546775, NULL),
(152, 6, 1, 24, 'p', 818500, NULL),
(153, 6, 1, 20, 'p', 179500, NULL),
(154, 6, 1, 15, 'p', 351900, NULL),
(155, 6, 1, 29, 'p', 960000, NULL),
(156, 6, 1, 12, 'p', 769000, NULL),
(157, 6, 1, 16, 'p', 575000, NULL),
(158, 6, 1, 18, 'p', 328000, NULL),
(159, 6, 1, 25, 'p', 1311750, NULL),
(160, 6, 1, 14, 'p', 570000, NULL),
(161, 6, 1, 1, 'p', 1311750, NULL),
(162, 6, 1, 26, 'p', 1311750, NULL),
(163, 6, 1, 6, 'p', 960000, NULL),
(164, 6, 1, 4, 'p', 6468000, NULL),
(165, 6, 1, 22, 'p', 924000, NULL),
(166, 6, 1, 28, 'p', 1062650, NULL),
(167, 6, 1, 21, 'p', 2829750, NULL),
(168, 6, 1, 17, 'p', 575000, NULL),
(169, 6, 1, 5, 'p', 4527600, NULL),
(170, 6, 1, 10, 'p', 328000, NULL),
(171, 6, 1, 13, 'p', 402500, NULL),
(172, 6, 1, 8, 'p', 413600, NULL),
(173, 6, 1, 3, 'p', 0, NULL),
(174, 6, 1, 9, 'p', 328000, NULL),
(175, 7, 6, 11, 'p', 182000, NULL),
(176, 7, 6, 23, 'p', 271950, NULL),
(177, 7, 6, 2, 'p', 84000, NULL),
(178, 7, 6, 19, 'p', 46750, NULL),
(179, 7, 6, 27, 'p', 128000, NULL),
(180, 7, 6, 7, 'p', 174825, NULL),
(181, 7, 6, 24, 'p', 128000, NULL),
(182, 7, 6, 20, 'p', 36500, NULL),
(183, 7, 6, 15, 'p', 51500, NULL),
(184, 7, 6, 29, 'p', 107500, NULL),
(185, 7, 6, 12, 'p', 115500, NULL),
(186, 7, 6, 16, 'p', 85000, NULL),
(187, 7, 6, 18, 'p', 58500, NULL),
(188, 7, 6, 25, 'p', 135700, NULL),
(189, 7, 6, 14, 'p', 111500, NULL),
(190, 7, 6, 1, 'p', 135700, NULL),
(191, 7, 6, 26, 'p', 135700, NULL),
(192, 7, 6, 6, 'p', 107500, NULL),
(193, 7, 6, 4, 'p', 444000, NULL),
(194, 7, 6, 22, 'p', 96600, NULL),
(195, 7, 6, 28, 'p', 128000, NULL),
(196, 7, 6, 21, 'p', 194250, NULL),
(197, 7, 6, 17, 'p', 85000, NULL),
(198, 7, 6, 5, 'p', 310800, NULL),
(199, 7, 6, 10, 'p', 58500, NULL),
(200, 7, 6, 13, 'p', 60000, NULL),
(201, 7, 6, 8, 'p', 69500, NULL),
(202, 7, 6, 3, 'p', 0, NULL),
(203, 7, 6, 9, 'p', 58500, NULL),
(204, 8, 6, 11, 'p', 182000, NULL),
(205, 8, 6, 23, 'p', 271950, NULL),
(206, 8, 6, 2, 'p', 84000, NULL),
(207, 8, 6, 19, 'p', 46750, NULL),
(208, 8, 6, 27, 'p', 128000, NULL),
(209, 8, 6, 7, 'p', 174825, NULL),
(210, 8, 6, 24, 'p', 128000, NULL),
(211, 8, 6, 20, 'p', 36500, NULL),
(212, 8, 6, 15, 'p', 51500, NULL),
(213, 8, 6, 29, 'p', 107500, NULL),
(214, 8, 6, 12, 'p', 115500, NULL),
(215, 8, 6, 16, 'p', 85000, NULL),
(216, 8, 6, 18, 'p', 58500, NULL),
(217, 8, 6, 25, 'p', 135700, NULL),
(218, 8, 6, 14, 'p', 111500, NULL),
(219, 8, 6, 1, 'p', 135700, NULL),
(220, 8, 6, 26, 'p', 135700, NULL),
(221, 8, 6, 6, 'p', 107500, NULL),
(222, 8, 6, 4, 'p', 444000, NULL),
(223, 8, 6, 22, 'p', 96600, NULL),
(224, 8, 6, 28, 'p', 128000, NULL),
(225, 8, 6, 21, 'p', 194250, NULL),
(226, 8, 6, 17, 'p', 85000, NULL),
(227, 8, 6, 5, 'p', 310800, NULL),
(228, 8, 6, 10, 'p', 58500, NULL),
(229, 8, 6, 13, 'p', 60000, NULL),
(230, 8, 6, 8, 'p', 69500, NULL),
(231, 8, 6, 3, 'p', 0, NULL),
(232, 8, 6, 9, 'p', 58500, NULL),
(233, 9, 6, 11, 'p', 182000, NULL),
(234, 9, 6, 23, 'p', 205800, NULL),
(235, 9, 6, 2, 'p', 84000, NULL),
(236, 9, 6, 19, 'p', 46750, NULL),
(237, 9, 6, 27, 'p', 128000, NULL),
(238, 9, 6, 7, 'p', 132300, NULL),
(239, 9, 6, 24, 'p', 128000, NULL),
(240, 9, 6, 20, 'p', 36500, NULL),
(241, 9, 6, 15, 'p', 51500, NULL),
(242, 9, 6, 29, 'p', 107500, NULL),
(243, 9, 6, 12, 'p', 115500, NULL),
(244, 9, 6, 16, 'p', 85000, NULL),
(245, 9, 6, 18, 'p', 58500, NULL),
(246, 9, 6, 25, 'p', 135700, NULL),
(247, 9, 6, 14, 'p', 111500, NULL),
(248, 9, 6, 1, 'p', 135700, NULL),
(249, 9, 6, 26, 'p', 135700, NULL),
(250, 9, 6, 6, 'p', 107500, NULL),
(251, 9, 6, 4, 'p', 336000, NULL),
(252, 9, 6, 22, 'p', 96600, NULL),
(253, 9, 6, 28, 'p', 128000, NULL),
(254, 9, 6, 21, 'p', 147000, NULL),
(255, 9, 6, 17, 'p', 85000, NULL),
(256, 9, 6, 5, 'p', 235200, NULL),
(257, 9, 6, 10, 'p', 58500, NULL),
(258, 9, 6, 13, 'p', 60000, NULL),
(259, 9, 6, 8, 'p', 69500, NULL),
(260, 9, 6, 3, 'p', 0, NULL),
(261, 9, 6, 9, 'p', 58500, NULL),
(262, 10, 6, 11, 'p', 182000, NULL),
(263, 10, 6, 23, 'p', 271950, NULL),
(264, 10, 6, 2, 'p', 84000, NULL),
(265, 10, 6, 19, 'p', 46750, NULL),
(266, 10, 6, 27, 'p', 128000, NULL),
(267, 10, 6, 7, 'p', 174825, NULL),
(268, 10, 6, 24, 'p', 128000, NULL),
(269, 10, 6, 20, 'p', 36500, NULL),
(270, 10, 6, 15, 'p', 51500, NULL),
(271, 10, 6, 29, 'p', 107500, NULL),
(272, 10, 6, 12, 'p', 115500, NULL),
(273, 10, 6, 16, 'p', 85000, NULL),
(274, 10, 6, 18, 'p', 58500, NULL),
(275, 10, 6, 25, 'p', 135700, NULL),
(276, 10, 6, 14, 'p', 111500, NULL),
(277, 10, 6, 1, 'p', 135700, NULL),
(278, 10, 6, 26, 'p', 135700, NULL),
(279, 10, 6, 6, 'p', 107500, NULL),
(280, 10, 6, 4, 'p', 444000, NULL),
(281, 10, 6, 22, 'p', 96600, NULL),
(282, 10, 6, 28, 'p', 128000, NULL),
(283, 10, 6, 21, 'p', 194250, NULL),
(284, 10, 6, 17, 'p', 85000, NULL),
(285, 10, 6, 5, 'p', 310800, NULL),
(286, 10, 6, 10, 'p', 58500, NULL),
(287, 10, 6, 13, 'p', 60000, NULL),
(288, 10, 6, 8, 'p', 69500, NULL),
(289, 10, 6, 3, 'p', 0, NULL),
(290, 10, 6, 9, 'p', 58500, NULL),
(291, 11, 6, 11, 'p', 182000, NULL),
(292, 11, 6, 23, 'p', 132300, NULL),
(293, 11, 6, 2, 'p', 84000, NULL),
(294, 11, 6, 19, 'p', 46750, NULL),
(295, 11, 6, 27, 'p', 128000, NULL),
(296, 11, 6, 7, 'p', 85050, NULL),
(297, 11, 6, 24, 'p', 128000, NULL),
(298, 11, 6, 20, 'p', 36500, NULL),
(299, 11, 6, 15, 'p', 51500, NULL),
(300, 11, 6, 29, 'p', 107500, NULL),
(301, 11, 6, 12, 'p', 115500, NULL),
(302, 11, 6, 16, 'p', 85000, NULL),
(303, 11, 6, 18, 'p', 58500, NULL),
(304, 11, 6, 25, 'p', 135700, NULL),
(305, 11, 6, 14, 'p', 111500, NULL),
(306, 11, 6, 1, 'p', 135700, NULL),
(307, 11, 6, 26, 'p', 135700, NULL),
(308, 11, 6, 6, 'p', 107500, NULL),
(309, 11, 6, 4, 'p', 216000, NULL),
(310, 11, 6, 22, 'p', 96600, NULL),
(311, 11, 6, 28, 'p', 128000, NULL),
(312, 11, 6, 21, 'p', 94500, NULL),
(313, 11, 6, 17, 'p', 85000, NULL),
(314, 11, 6, 5, 'p', 151200, NULL),
(315, 11, 6, 10, 'p', 58500, NULL),
(316, 11, 6, 13, 'p', 60000, NULL),
(317, 11, 6, 8, 'p', 69500, NULL),
(318, 11, 6, 3, 'p', 0, NULL),
(319, 11, 6, 9, 'p', 58500, NULL),
(320, 12, 6, 11, 'p', 182000, NULL),
(321, 12, 6, 23, 'p', 139650, NULL),
(322, 12, 6, 2, 'p', 84000, NULL),
(323, 12, 6, 19, 'p', 46750, NULL),
(324, 12, 6, 27, 'p', 128000, NULL),
(325, 12, 6, 7, 'p', 89775, NULL),
(326, 12, 6, 24, 'p', 128000, NULL),
(327, 12, 6, 20, 'p', 36500, NULL),
(328, 12, 6, 15, 'p', 51500, NULL),
(329, 12, 6, 29, 'p', 107500, NULL),
(330, 12, 6, 12, 'p', 115500, NULL),
(331, 12, 6, 16, 'p', 85000, NULL),
(332, 12, 6, 18, 'p', 58500, NULL),
(333, 12, 6, 25, 'p', 135700, NULL),
(334, 12, 6, 14, 'p', 111500, NULL),
(335, 12, 6, 1, 'p', 135700, NULL),
(336, 12, 6, 26, 'p', 135700, NULL),
(337, 12, 6, 6, 'p', 107500, NULL),
(338, 12, 6, 4, 'p', 228000, NULL),
(339, 12, 6, 22, 'p', 96600, NULL),
(340, 12, 6, 28, 'p', 128000, NULL),
(341, 12, 6, 21, 'p', 99750, NULL),
(342, 12, 6, 17, 'p', 85000, NULL),
(343, 12, 6, 5, 'p', 159600, NULL),
(344, 12, 6, 10, 'p', 58500, NULL),
(345, 12, 6, 13, 'p', 60000, NULL),
(346, 12, 6, 8, 'p', 69500, NULL),
(347, 12, 6, 3, 'p', 0, NULL),
(348, 12, 6, 9, 'p', 58500, NULL),
(349, 13, 6, 11, 'p', 182000, NULL),
(350, 13, 6, 23, 'p', 198450, NULL),
(351, 13, 6, 2, 'p', 84000, NULL),
(352, 13, 6, 19, 'p', 46750, NULL),
(353, 13, 6, 27, 'p', 128000, NULL),
(354, 13, 6, 7, 'p', 127575, NULL),
(355, 13, 6, 24, 'p', 128000, NULL),
(356, 13, 6, 20, 'p', 36500, NULL),
(357, 13, 6, 15, 'p', 51500, NULL),
(358, 13, 6, 29, 'p', 107500, NULL),
(359, 13, 6, 12, 'p', 115500, NULL),
(360, 13, 6, 16, 'p', 85000, NULL),
(361, 13, 6, 18, 'p', 58500, NULL),
(362, 13, 6, 25, 'p', 135700, NULL),
(363, 13, 6, 14, 'p', 111500, NULL),
(364, 13, 6, 1, 'p', 135700, NULL),
(365, 13, 6, 26, 'p', 135700, NULL),
(366, 13, 6, 6, 'p', 107500, NULL),
(367, 13, 6, 4, 'p', 324000, NULL),
(368, 13, 6, 22, 'p', 96600, NULL),
(369, 13, 6, 28, 'p', 128000, NULL),
(370, 13, 6, 21, 'p', 141750, NULL),
(371, 13, 6, 17, 'p', 85000, NULL),
(372, 13, 6, 5, 'p', 226800, NULL),
(373, 13, 6, 10, 'p', 58500, NULL),
(374, 13, 6, 13, 'p', 60000, NULL),
(375, 13, 6, 8, 'p', 69500, NULL),
(376, 13, 6, 3, 'p', 0, NULL),
(377, 13, 6, 9, 'p', 58500, NULL),
(378, 14, 6, 11, 'p', 182000, NULL),
(379, 14, 6, 23, 'p', 205800, NULL),
(380, 14, 6, 2, 'p', 84000, NULL),
(381, 14, 6, 19, 'p', 46750, NULL),
(382, 14, 6, 27, 'p', 128000, NULL),
(383, 14, 6, 7, 'p', 132300, NULL),
(384, 14, 6, 24, 'p', 128000, NULL),
(385, 14, 6, 20, 'p', 36500, NULL),
(386, 14, 6, 15, 'p', 51500, NULL),
(387, 14, 6, 29, 'p', 107500, NULL),
(388, 14, 6, 12, 'p', 115500, NULL),
(389, 14, 6, 16, 'p', 85000, NULL),
(390, 14, 6, 18, 'p', 58500, NULL),
(391, 14, 6, 25, 'p', 135700, NULL),
(392, 14, 6, 14, 'p', 111500, NULL),
(393, 14, 6, 1, 'p', 135700, NULL),
(394, 14, 6, 26, 'p', 135700, NULL),
(395, 14, 6, 6, 'p', 107500, NULL),
(396, 14, 6, 4, 'p', 336000, NULL),
(397, 14, 6, 22, 'p', 96600, NULL),
(398, 14, 6, 28, 'p', 128000, NULL),
(399, 14, 6, 21, 'p', 147000, NULL),
(400, 14, 6, 17, 'p', 85000, NULL),
(401, 14, 6, 5, 'p', 235200, NULL),
(402, 14, 6, 10, 'p', 58500, NULL),
(403, 14, 6, 13, 'p', 60000, NULL),
(404, 14, 6, 8, 'p', 69500, NULL),
(405, 14, 6, 3, 'p', 0, NULL),
(406, 14, 6, 9, 'p', 58500, NULL),
(407, 15, 6, 11, 'p', 182000, NULL),
(408, 15, 6, 23, 'p', 330750, NULL),
(409, 15, 6, 2, 'p', 84000, NULL),
(410, 15, 6, 19, 'p', 46750, NULL),
(411, 15, 6, 27, 'p', 128000, NULL),
(412, 15, 6, 7, 'p', 212625, NULL),
(413, 15, 6, 24, 'p', 128000, NULL),
(414, 15, 6, 20, 'p', 36500, NULL),
(415, 15, 6, 15, 'p', 51500, NULL),
(416, 15, 6, 29, 'p', 107500, NULL),
(417, 15, 6, 12, 'p', 115500, NULL),
(418, 15, 6, 16, 'p', 85000, NULL),
(419, 15, 6, 18, 'p', 58500, NULL),
(420, 15, 6, 25, 'p', 135700, NULL),
(421, 15, 6, 14, 'p', 111500, NULL),
(422, 15, 6, 1, 'p', 135700, NULL),
(423, 15, 6, 26, 'p', 135700, NULL),
(424, 15, 6, 6, 'p', 107500, NULL),
(425, 15, 6, 4, 'p', 540000, NULL),
(426, 15, 6, 22, 'p', 96600, NULL),
(427, 15, 6, 28, 'p', 128000, NULL),
(428, 15, 6, 21, 'p', 236250, NULL),
(429, 15, 6, 17, 'p', 85000, NULL),
(430, 15, 6, 5, 'p', 378000, NULL),
(431, 15, 6, 10, 'p', 58500, NULL),
(432, 15, 6, 13, 'p', 60000, NULL),
(433, 15, 6, 8, 'p', 69500, NULL),
(434, 15, 6, 3, 'p', 0, NULL),
(435, 15, 6, 9, 'p', 58500, NULL),
(436, 16, 5, 11, 'p', 287340, NULL),
(437, 16, 5, 23, 'p', 477750, NULL),
(438, 16, 5, 2, 'p', 132630, NULL),
(439, 16, 5, 19, 'p', 73800, NULL),
(440, 16, 5, 27, 'p', 202080, NULL),
(441, 16, 5, 7, 'p', 307125, NULL),
(442, 16, 5, 24, 'p', 202080, NULL),
(443, 16, 5, 20, 'p', 57630, NULL),
(444, 16, 5, 15, 'p', 84450, NULL),
(445, 16, 5, 29, 'p', 175710, NULL),
(446, 16, 5, 12, 'p', 182340, NULL),
(447, 16, 5, 16, 'p', 134190, NULL),
(448, 16, 5, 18, 'p', 92340, NULL),
(449, 16, 5, 25, 'p', 214260, NULL),
(450, 16, 5, 14, 'p', 176040, NULL),
(451, 16, 5, 1, 'p', 214260, NULL),
(452, 16, 5, 26, 'p', 214260, NULL),
(453, 16, 5, 6, 'p', 169710, NULL),
(454, 16, 5, 4, 'p', 780000, NULL),
(455, 16, 5, 22, 'p', 152520, NULL),
(456, 16, 5, 28, 'p', 202080, NULL),
(457, 16, 5, 21, 'p', 341250, NULL),
(458, 16, 5, 17, 'p', 134190, NULL),
(459, 16, 5, 5, 'p', 546000, NULL),
(460, 16, 5, 10, 'p', 92340, NULL),
(461, 16, 5, 13, 'p', 94650, NULL),
(462, 16, 5, 8, 'p', 109710, NULL),
(463, 16, 5, 3, 'p', 0, NULL),
(464, 16, 5, 9, 'p', 92340, NULL),
(465, 17, 5, 11, 'p', 363964, NULL),
(466, 17, 5, 23, 'p', 529200, NULL),
(467, 17, 5, 2, 'p', 167998, NULL),
(468, 17, 5, 19, 'p', 93480, NULL),
(469, 17, 5, 27, 'p', 255968, NULL),
(470, 17, 5, 7, 'p', 340200, NULL),
(471, 17, 5, 24, 'p', 255968, NULL),
(472, 17, 5, 20, 'p', 72998, NULL),
(473, 17, 5, 15, 'p', 106970, NULL),
(474, 17, 5, 29, 'p', 222566, NULL),
(475, 17, 5, 12, 'p', 230964, NULL),
(476, 17, 5, 16, 'p', 169974, NULL),
(477, 17, 5, 18, 'p', 116964, NULL),
(478, 17, 5, 25, 'p', 271396, NULL),
(479, 17, 5, 14, 'p', 222984, NULL),
(480, 17, 5, 1, 'p', 271396, NULL),
(481, 17, 5, 26, 'p', 271396, NULL),
(482, 17, 5, 6, 'p', 214966, NULL),
(483, 17, 5, 4, 'p', 864000, NULL),
(484, 17, 5, 22, 'p', 193192, NULL),
(485, 17, 5, 28, 'p', 255968, NULL),
(486, 17, 5, 21, 'p', 378000, NULL),
(487, 17, 5, 17, 'p', 169974, NULL),
(488, 17, 5, 5, 'p', 604800, NULL),
(489, 17, 5, 10, 'p', 116964, NULL),
(490, 17, 5, 13, 'p', 119890, NULL),
(491, 17, 5, 8, 'p', 138966, NULL),
(492, 17, 5, 3, 'p', 0, NULL),
(493, 17, 5, 9, 'p', 116964, NULL),
(494, 18, 6, 11, 'p', 182000, NULL),
(495, 18, 6, 23, 'p', 389550, NULL),
(496, 18, 6, 2, 'p', 84000, NULL),
(497, 18, 6, 19, 'p', 46750, NULL),
(498, 18, 6, 27, 'p', 128000, NULL),
(499, 18, 6, 7, 'p', 250425, NULL),
(500, 18, 6, 24, 'p', 128000, NULL),
(501, 18, 6, 20, 'p', 36500, NULL),
(502, 18, 6, 15, 'p', 51500, NULL),
(503, 18, 6, 29, 'p', 107500, NULL),
(504, 18, 6, 12, 'p', 115500, NULL),
(505, 18, 6, 16, 'p', 85000, NULL),
(506, 18, 6, 18, 'p', 58500, NULL),
(507, 18, 6, 25, 'p', 135700, NULL),
(508, 18, 6, 14, 'p', 111500, NULL),
(509, 18, 6, 1, 'p', 135700, NULL),
(510, 18, 6, 26, 'p', 135700, NULL),
(511, 18, 6, 6, 'p', 107500, NULL),
(512, 18, 6, 4, 'p', 636000, NULL),
(513, 18, 6, 22, 'p', 96600, NULL),
(514, 18, 6, 28, 'p', 128000, NULL),
(515, 18, 6, 21, 'p', 278250, NULL),
(516, 18, 6, 17, 'p', 85000, NULL),
(517, 18, 6, 5, 'p', 445200, NULL),
(518, 18, 6, 10, 'p', 58500, NULL),
(519, 18, 6, 13, 'p', 60000, NULL),
(520, 18, 6, 8, 'p', 69500, NULL),
(521, 18, 6, 3, 'p', 0, NULL),
(522, 18, 6, 9, 'p', 58500, NULL),
(523, 19, 6, 11, 'p', 182000, NULL),
(524, 19, 6, 23, 'p', 242550, NULL),
(525, 19, 6, 2, 'p', 84000, NULL),
(526, 19, 6, 19, 'p', 46750, NULL),
(527, 19, 6, 27, 'p', 128000, NULL),
(528, 19, 6, 7, 'p', 155925, NULL),
(529, 19, 6, 24, 'p', 128000, NULL),
(530, 19, 6, 20, 'p', 36500, NULL),
(531, 19, 6, 15, 'p', 51500, NULL),
(532, 19, 6, 29, 'p', 107500, NULL),
(533, 19, 6, 12, 'p', 115500, NULL),
(534, 19, 6, 16, 'p', 85000, NULL),
(535, 19, 6, 18, 'p', 58500, NULL),
(536, 19, 6, 25, 'p', 135700, NULL),
(537, 19, 6, 14, 'p', 111500, NULL),
(538, 19, 6, 1, 'p', 135700, NULL),
(539, 19, 6, 26, 'p', 135700, NULL),
(540, 19, 6, 6, 'p', 107500, NULL),
(541, 19, 6, 4, 'p', 396000, NULL),
(542, 19, 6, 22, 'p', 96600, NULL),
(543, 19, 6, 28, 'p', 128000, NULL),
(544, 19, 6, 21, 'p', 173250, NULL),
(545, 19, 6, 17, 'p', 85000, NULL),
(546, 19, 6, 5, 'p', 277200, NULL),
(547, 19, 6, 10, 'p', 58500, NULL),
(548, 19, 6, 13, 'p', 60000, NULL),
(549, 19, 6, 8, 'p', 69500, NULL),
(550, 19, 6, 3, 'p', 0, NULL),
(551, 19, 6, 9, 'p', 58500, NULL),
(552, 20, 6, 11, 'p', 182000, NULL),
(553, 20, 6, 23, 'p', 147000, NULL),
(554, 20, 6, 2, 'p', 84000, NULL),
(555, 20, 6, 19, 'p', 46750, NULL),
(556, 20, 6, 27, 'p', 128000, NULL),
(557, 20, 6, 7, 'p', 94500, NULL),
(558, 20, 6, 24, 'p', 128000, NULL),
(559, 20, 6, 20, 'p', 36500, NULL),
(560, 20, 6, 15, 'p', 51500, NULL),
(561, 20, 6, 29, 'p', 107500, NULL),
(562, 20, 6, 12, 'p', 115500, NULL),
(563, 20, 6, 16, 'p', 85000, NULL),
(564, 20, 6, 18, 'p', 58500, NULL),
(565, 20, 6, 25, 'p', 135700, NULL),
(566, 20, 6, 14, 'p', 111500, NULL),
(567, 20, 6, 1, 'p', 135700, NULL),
(568, 20, 6, 26, 'p', 135700, NULL),
(569, 20, 6, 6, 'p', 107500, NULL),
(570, 20, 6, 4, 'p', 240000, NULL),
(571, 20, 6, 22, 'p', 96600, NULL),
(572, 20, 6, 28, 'p', 128000, NULL),
(573, 20, 6, 21, 'p', 105000, NULL),
(574, 20, 6, 17, 'p', 85000, NULL),
(575, 20, 6, 5, 'p', 168000, NULL),
(576, 20, 6, 10, 'p', 58500, NULL),
(577, 20, 6, 13, 'p', 60000, NULL),
(578, 20, 6, 8, 'p', 69500, NULL),
(579, 20, 6, 3, 'p', 0, NULL),
(580, 20, 6, 9, 'p', 58500, NULL),
(581, 21, 6, 11, 'p', 182000, NULL),
(582, 21, 6, 23, 'p', 132300, NULL),
(583, 21, 6, 2, 'p', 84000, NULL),
(584, 21, 6, 19, 'p', 46750, NULL),
(585, 21, 6, 27, 'p', 128000, NULL),
(586, 21, 6, 7, 'p', 85050, NULL),
(587, 21, 6, 24, 'p', 128000, NULL),
(588, 21, 6, 20, 'p', 36500, NULL),
(589, 21, 6, 15, 'p', 51500, NULL),
(590, 21, 6, 29, 'p', 107500, NULL),
(591, 21, 6, 12, 'p', 115500, NULL),
(592, 21, 6, 16, 'p', 85000, NULL),
(593, 21, 6, 18, 'p', 58500, NULL),
(594, 21, 6, 25, 'p', 135700, NULL),
(595, 21, 6, 14, 'p', 111500, NULL),
(596, 21, 6, 1, 'p', 135700, NULL),
(597, 21, 6, 26, 'p', 135700, NULL),
(598, 21, 6, 6, 'p', 107500, NULL),
(599, 21, 6, 4, 'p', 216000, NULL),
(600, 21, 6, 22, 'p', 96600, NULL),
(601, 21, 6, 28, 'p', 128000, NULL),
(602, 21, 6, 21, 'p', 94500, NULL),
(603, 21, 6, 17, 'p', 85000, NULL),
(604, 21, 6, 5, 'p', 151200, NULL),
(605, 21, 6, 10, 'p', 58500, NULL),
(606, 21, 6, 13, 'p', 60000, NULL),
(607, 21, 6, 8, 'p', 69500, NULL),
(608, 21, 6, 3, 'p', 0, NULL),
(609, 21, 6, 9, 'p', 58500, NULL),
(610, 22, 6, 11, 'p', 182000, NULL),
(611, 22, 6, 23, 'p', 110250, NULL),
(612, 22, 6, 2, 'p', 84000, NULL),
(613, 22, 6, 19, 'p', 46750, NULL),
(614, 22, 6, 27, 'p', 128000, NULL),
(615, 22, 6, 7, 'p', 70875, NULL),
(616, 22, 6, 24, 'p', 128000, NULL),
(617, 22, 6, 20, 'p', 36500, NULL),
(618, 22, 6, 15, 'p', 51500, NULL),
(619, 22, 6, 29, 'p', 107500, NULL),
(620, 22, 6, 12, 'p', 115500, NULL),
(621, 22, 6, 16, 'p', 85000, NULL),
(622, 22, 6, 18, 'p', 58500, NULL),
(623, 22, 6, 25, 'p', 135700, NULL),
(624, 22, 6, 14, 'p', 111500, NULL),
(625, 22, 6, 1, 'p', 135700, NULL),
(626, 22, 6, 26, 'p', 135700, NULL),
(627, 22, 6, 6, 'p', 107500, NULL),
(628, 22, 6, 4, 'p', 180000, NULL),
(629, 22, 6, 22, 'p', 96600, NULL),
(630, 22, 6, 28, 'p', 128000, NULL),
(631, 22, 6, 21, 'p', 78750, NULL),
(632, 22, 6, 17, 'p', 85000, NULL),
(633, 22, 6, 5, 'p', 126000, NULL),
(634, 22, 6, 10, 'p', 58500, NULL),
(635, 22, 6, 13, 'p', 60000, NULL),
(636, 22, 6, 8, 'p', 69500, NULL),
(637, 22, 6, 3, 'p', 0, NULL),
(638, 22, 6, 9, 'p', 58500, NULL),
(639, 23, 6, 11, 'p', 182000, NULL),
(640, 23, 6, 23, 'p', 205800, NULL),
(641, 23, 6, 2, 'p', 84000, NULL),
(642, 23, 6, 19, 'p', 46750, NULL),
(643, 23, 6, 27, 'p', 128000, NULL),
(644, 23, 6, 7, 'p', 132300, NULL),
(645, 23, 6, 24, 'p', 128000, NULL),
(646, 23, 6, 20, 'p', 36500, NULL),
(647, 23, 6, 15, 'p', 51500, NULL),
(648, 23, 6, 29, 'p', 107500, NULL),
(649, 23, 6, 12, 'p', 115500, NULL),
(650, 23, 6, 16, 'p', 85000, NULL),
(651, 23, 6, 18, 'p', 58500, NULL),
(652, 23, 6, 25, 'p', 135700, NULL),
(653, 23, 6, 14, 'p', 111500, NULL),
(654, 23, 6, 1, 'p', 135700, NULL),
(655, 23, 6, 26, 'p', 135700, NULL),
(656, 23, 6, 6, 'p', 107500, NULL),
(657, 23, 6, 4, 'p', 336000, NULL),
(658, 23, 6, 22, 'p', 96600, NULL),
(659, 23, 6, 28, 'p', 128000, NULL),
(660, 23, 6, 21, 'p', 147000, NULL),
(661, 23, 6, 17, 'p', 85000, NULL),
(662, 23, 6, 5, 'p', 235200, NULL),
(663, 23, 6, 10, 'p', 58500, NULL),
(664, 23, 6, 13, 'p', 60000, NULL),
(665, 23, 6, 8, 'p', 69500, NULL),
(666, 23, 6, 3, 'p', 0, NULL),
(667, 23, 6, 9, 'p', 58500, NULL),
(668, 24, 5, 11, 'p', 363964, NULL),
(669, 24, 5, 23, 'p', 499800, NULL),
(670, 24, 5, 2, 'p', 167998, NULL),
(671, 24, 5, 19, 'p', 93480, NULL),
(672, 24, 5, 27, 'p', 255968, NULL),
(673, 24, 5, 7, 'p', 321300, NULL),
(674, 24, 5, 24, 'p', 255968, NULL),
(675, 24, 5, 20, 'p', 72998, NULL),
(676, 24, 5, 15, 'p', 106970, NULL),
(677, 24, 5, 29, 'p', 222566, NULL),
(678, 24, 5, 12, 'p', 230964, NULL),
(679, 24, 5, 16, 'p', 169974, NULL),
(680, 24, 5, 18, 'p', 116964, NULL),
(681, 24, 5, 25, 'p', 271396, NULL),
(682, 24, 5, 14, 'p', 222984, NULL),
(683, 24, 5, 1, 'p', 271396, NULL),
(684, 24, 5, 26, 'p', 271396, NULL),
(685, 24, 5, 6, 'p', 214966, NULL),
(686, 24, 5, 4, 'p', 816000, NULL),
(687, 24, 5, 22, 'p', 193192, NULL),
(688, 24, 5, 28, 'p', 255968, NULL),
(689, 24, 5, 21, 'p', 357000, NULL),
(690, 24, 5, 17, 'p', 169974, NULL),
(691, 24, 5, 5, 'p', 571200, NULL),
(692, 24, 5, 10, 'p', 116964, NULL),
(693, 24, 5, 13, 'p', 119890, NULL),
(694, 24, 5, 8, 'p', 138966, NULL),
(695, 24, 5, 3, 'p', 0, NULL),
(696, 24, 5, 9, 'p', 116964, NULL),
(697, 25, 6, 11, 'p', 182000, NULL),
(698, 25, 6, 23, 'p', 139650, NULL),
(699, 25, 6, 2, 'p', 84000, NULL),
(700, 25, 6, 19, 'p', 46750, NULL),
(701, 25, 6, 27, 'p', 128000, NULL),
(702, 25, 6, 7, 'p', 89775, NULL),
(703, 25, 6, 24, 'p', 128000, NULL),
(704, 25, 6, 20, 'p', 36500, NULL),
(705, 25, 6, 15, 'p', 51500, NULL),
(706, 25, 6, 29, 'p', 107500, NULL),
(707, 25, 6, 12, 'p', 115500, NULL),
(708, 25, 6, 16, 'p', 85000, NULL),
(709, 25, 6, 18, 'p', 58500, NULL),
(710, 25, 6, 25, 'p', 135700, NULL),
(711, 25, 6, 14, 'p', 111500, NULL),
(712, 25, 6, 1, 'p', 135700, NULL),
(713, 25, 6, 26, 'p', 135700, NULL),
(714, 25, 6, 6, 'p', 107500, NULL),
(715, 25, 6, 4, 'p', 228000, NULL),
(716, 25, 6, 22, 'p', 96600, NULL),
(717, 25, 6, 28, 'p', 128000, NULL),
(718, 25, 6, 21, 'p', 99750, NULL),
(719, 25, 6, 17, 'p', 85000, NULL),
(720, 25, 6, 5, 'p', 159600, NULL),
(721, 25, 6, 10, 'p', 58500, NULL),
(722, 25, 6, 13, 'p', 60000, NULL),
(723, 25, 6, 8, 'p', 69500, NULL),
(724, 25, 6, 3, 'p', 0, NULL),
(725, 25, 6, 9, 'p', 58500, NULL),
(726, 26, 6, 11, 'p', 182000, NULL),
(727, 26, 6, 23, 'p', 117600, NULL),
(728, 26, 6, 2, 'p', 84000, NULL),
(729, 26, 6, 19, 'p', 46750, NULL),
(730, 26, 6, 27, 'p', 128000, NULL),
(731, 26, 6, 7, 'p', 75600, NULL),
(732, 26, 6, 24, 'p', 128000, NULL),
(733, 26, 6, 20, 'p', 36500, NULL),
(734, 26, 6, 15, 'p', 51500, NULL),
(735, 26, 6, 29, 'p', 107500, NULL),
(736, 26, 6, 12, 'p', 115500, NULL),
(737, 26, 6, 16, 'p', 85000, NULL),
(738, 26, 6, 18, 'p', 58500, NULL),
(739, 26, 6, 25, 'p', 135700, NULL),
(740, 26, 6, 14, 'p', 111500, NULL),
(741, 26, 6, 1, 'p', 135700, NULL),
(742, 26, 6, 26, 'p', 135700, NULL),
(743, 26, 6, 6, 'p', 107500, NULL),
(744, 26, 6, 4, 'p', 192000, NULL),
(745, 26, 6, 22, 'p', 96600, NULL),
(746, 26, 6, 28, 'p', 128000, NULL),
(747, 26, 6, 21, 'p', 84000, NULL),
(748, 26, 6, 17, 'p', 85000, NULL),
(749, 26, 6, 5, 'p', 134400, NULL),
(750, 26, 6, 10, 'p', 58500, NULL),
(751, 26, 6, 13, 'p', 60000, NULL),
(752, 26, 6, 8, 'p', 69500, NULL),
(753, 26, 6, 3, 'p', 0, NULL),
(754, 26, 6, 9, 'p', 58500, NULL),
(755, 27, 6, 11, 'p', 182000, NULL),
(756, 27, 6, 23, 'p', 235200, NULL),
(757, 27, 6, 2, 'p', 84000, NULL),
(758, 27, 6, 19, 'p', 46750, NULL),
(759, 27, 6, 27, 'p', 128000, NULL),
(760, 27, 6, 7, 'p', 151200, NULL),
(761, 27, 6, 24, 'p', 128000, NULL),
(762, 27, 6, 20, 'p', 36500, NULL),
(763, 27, 6, 15, 'p', 51500, NULL),
(764, 27, 6, 29, 'p', 107500, NULL),
(765, 27, 6, 12, 'p', 115500, NULL),
(766, 27, 6, 16, 'p', 85000, NULL),
(767, 27, 6, 18, 'p', 58500, NULL),
(768, 27, 6, 25, 'p', 135700, NULL),
(769, 27, 6, 14, 'p', 111500, NULL),
(770, 27, 6, 1, 'p', 135700, NULL),
(771, 27, 6, 26, 'p', 135700, NULL),
(772, 27, 6, 6, 'p', 107500, NULL),
(773, 27, 6, 4, 'p', 384000, NULL),
(774, 27, 6, 22, 'p', 96600, NULL),
(775, 27, 6, 28, 'p', 128000, NULL),
(776, 27, 6, 21, 'p', 168000, NULL),
(777, 27, 6, 17, 'p', 85000, NULL),
(778, 27, 6, 5, 'p', 268800, NULL),
(779, 27, 6, 10, 'p', 58500, NULL),
(780, 27, 6, 13, 'p', 60000, NULL),
(781, 27, 6, 8, 'p', 69500, NULL),
(782, 27, 6, 3, 'p', 0, NULL),
(783, 27, 6, 9, 'p', 58500, NULL),
(784, 28, 6, 11, 'p', 182000, NULL),
(785, 28, 6, 23, 'p', 279300, NULL),
(786, 28, 6, 2, 'p', 84000, NULL),
(787, 28, 6, 19, 'p', 46750, NULL),
(788, 28, 6, 27, 'p', 128000, NULL),
(789, 28, 6, 7, 'p', 179550, NULL),
(790, 28, 6, 24, 'p', 128000, NULL),
(791, 28, 6, 20, 'p', 36500, NULL),
(792, 28, 6, 15, 'p', 51500, NULL),
(793, 28, 6, 29, 'p', 107500, NULL),
(794, 28, 6, 12, 'p', 115500, NULL),
(795, 28, 6, 16, 'p', 85000, NULL),
(796, 28, 6, 18, 'p', 58500, NULL),
(797, 28, 6, 25, 'p', 135700, NULL),
(798, 28, 6, 14, 'p', 111500, NULL),
(799, 28, 6, 1, 'p', 135700, NULL),
(800, 28, 6, 26, 'p', 135700, NULL),
(801, 28, 6, 6, 'p', 107500, NULL),
(802, 28, 6, 4, 'p', 456000, NULL),
(803, 28, 6, 22, 'p', 96600, NULL),
(804, 28, 6, 28, 'p', 128000, NULL),
(805, 28, 6, 21, 'p', 199500, NULL),
(806, 28, 6, 17, 'p', 85000, NULL),
(807, 28, 6, 5, 'p', 319200, NULL),
(808, 28, 6, 10, 'p', 58500, NULL),
(809, 28, 6, 13, 'p', 60000, NULL),
(810, 28, 6, 8, 'p', 69500, NULL),
(811, 28, 6, 3, 'p', 0, NULL),
(812, 28, 6, 9, 'p', 58500, NULL),
(813, 29, 6, 11, 'p', 182000, NULL),
(814, 29, 6, 23, 'p', 279300, NULL),
(815, 29, 6, 2, 'p', 84000, NULL),
(816, 29, 6, 19, 'p', 46750, NULL),
(817, 29, 6, 27, 'p', 128000, NULL),
(818, 29, 6, 7, 'p', 179550, NULL),
(819, 29, 6, 24, 'p', 128000, NULL),
(820, 29, 6, 20, 'p', 36500, NULL),
(821, 29, 6, 15, 'p', 51500, NULL),
(822, 29, 6, 29, 'p', 107500, NULL),
(823, 29, 6, 12, 'p', 115500, NULL),
(824, 29, 6, 16, 'p', 85000, NULL),
(825, 29, 6, 18, 'p', 58500, NULL),
(826, 29, 6, 25, 'p', 135700, NULL),
(827, 29, 6, 14, 'p', 111500, NULL),
(828, 29, 6, 1, 'p', 135700, NULL),
(829, 29, 6, 26, 'p', 135700, NULL),
(830, 29, 6, 6, 'p', 107500, NULL),
(831, 29, 6, 4, 'p', 456000, NULL),
(832, 29, 6, 22, 'p', 96600, NULL),
(833, 29, 6, 28, 'p', 128000, NULL),
(834, 29, 6, 21, 'p', 199500, NULL),
(835, 29, 6, 17, 'p', 85000, NULL),
(836, 29, 6, 5, 'p', 319200, NULL),
(837, 29, 6, 10, 'p', 58500, NULL),
(838, 29, 6, 13, 'p', 60000, NULL),
(839, 29, 6, 8, 'p', 69500, NULL),
(840, 29, 6, 3, 'p', 0, NULL),
(841, 29, 6, 9, 'p', 58500, NULL),
(842, 30, 6, 11, 'p', 182000, NULL),
(843, 30, 6, 23, 'p', 404250, NULL),
(844, 30, 6, 2, 'p', 84000, NULL),
(845, 30, 6, 19, 'p', 46750, NULL),
(846, 30, 6, 27, 'p', 128000, NULL),
(847, 30, 6, 7, 'p', 259875, NULL),
(848, 30, 6, 24, 'p', 128000, NULL),
(849, 30, 6, 20, 'p', 36500, NULL),
(850, 30, 6, 15, 'p', 51500, NULL),
(851, 30, 6, 29, 'p', 107500, NULL),
(852, 30, 6, 12, 'p', 115500, NULL),
(853, 30, 6, 16, 'p', 85000, NULL),
(854, 30, 6, 18, 'p', 58500, NULL),
(855, 30, 6, 25, 'p', 135700, NULL),
(856, 30, 6, 14, 'p', 111500, NULL),
(857, 30, 6, 1, 'p', 135700, NULL),
(858, 30, 6, 26, 'p', 135700, NULL),
(859, 30, 6, 6, 'p', 107500, NULL),
(860, 30, 6, 4, 'p', 660000, NULL),
(861, 30, 6, 22, 'p', 96600, NULL),
(862, 30, 6, 28, 'p', 128000, NULL),
(863, 30, 6, 21, 'p', 288750, NULL),
(864, 30, 6, 17, 'p', 85000, NULL),
(865, 30, 6, 5, 'p', 462000, NULL),
(866, 30, 6, 10, 'p', 58500, NULL),
(867, 30, 6, 13, 'p', 60000, NULL),
(868, 30, 6, 8, 'p', 69500, NULL),
(869, 30, 6, 3, 'p', 0, NULL),
(870, 30, 6, 9, 'p', 58500, NULL),
(871, 31, 5, 11, 'p', 421432, NULL),
(872, 31, 5, 23, 'p', 617400, NULL),
(873, 31, 5, 2, 'p', 194524, NULL),
(874, 31, 5, 19, 'p', 108240, NULL),
(875, 31, 5, 27, 'p', 296384, NULL),
(876, 31, 5, 7, 'p', 396900, NULL),
(877, 31, 5, 24, 'p', 296384, NULL),
(878, 31, 5, 20, 'p', 84524, NULL),
(879, 31, 5, 15, 'p', 123860, NULL),
(880, 31, 5, 29, 'p', 257708, NULL),
(881, 31, 5, 12, 'p', 267432, NULL),
(882, 31, 5, 16, 'p', 196812, NULL),
(883, 31, 5, 18, 'p', 135432, NULL),
(884, 31, 5, 25, 'p', 314248, NULL),
(885, 31, 5, 14, 'p', 258192, NULL),
(886, 31, 5, 1, 'p', 314248, NULL),
(887, 31, 5, 26, 'p', 314248, NULL),
(888, 31, 5, 6, 'p', 248908, NULL),
(889, 31, 5, 4, 'p', 1008000, NULL),
(890, 31, 5, 22, 'p', 223696, NULL),
(891, 31, 5, 28, 'p', 296384, NULL),
(892, 31, 5, 21, 'p', 441000, NULL),
(893, 31, 5, 17, 'p', 196812, NULL),
(894, 31, 5, 5, 'p', 705600, NULL),
(895, 31, 5, 10, 'p', 135432, NULL),
(896, 31, 5, 13, 'p', 138820, NULL),
(897, 31, 5, 8, 'p', 160908, NULL),
(898, 31, 5, 3, 'p', 0, NULL),
(899, 31, 5, 9, 'p', 135432, NULL),
(900, 32, 5, 11, 'p', 373542, NULL),
(901, 32, 5, 23, 'p', 499800, NULL),
(902, 32, 5, 2, 'p', 172419, NULL),
(903, 32, 5, 19, 'p', 95940, NULL),
(904, 32, 5, 27, 'p', 262704, NULL),
(905, 32, 5, 7, 'p', 321300, NULL),
(906, 32, 5, 24, 'p', 262704, NULL),
(907, 32, 5, 20, 'p', 74919, NULL),
(908, 32, 5, 15, 'p', 109785, NULL),
(909, 32, 5, 29, 'p', 228423, NULL),
(910, 32, 5, 12, 'p', 237042, NULL),
(911, 32, 5, 16, 'p', 174447, NULL),
(912, 32, 5, 18, 'p', 120042, NULL),
(913, 32, 5, 25, 'p', 278538, NULL),
(914, 32, 5, 14, 'p', 228852, NULL),
(915, 32, 5, 1, 'p', 278538, NULL),
(916, 32, 5, 26, 'p', 278538, NULL),
(917, 32, 5, 6, 'p', 220623, NULL),
(918, 32, 5, 4, 'p', 816000, NULL),
(919, 32, 5, 22, 'p', 198276, NULL),
(920, 32, 5, 28, 'p', 262704, NULL),
(921, 32, 5, 21, 'p', 357000, NULL),
(922, 32, 5, 17, 'p', 174447, NULL),
(923, 32, 5, 5, 'p', 571200, NULL),
(924, 32, 5, 10, 'p', 120042, NULL),
(925, 32, 5, 13, 'p', 123045, NULL),
(926, 32, 5, 8, 'p', 142623, NULL),
(927, 32, 5, 3, 'p', 0, NULL),
(928, 32, 5, 9, 'p', 120042, NULL),
(929, 33, 6, 11, 'p', 182000, NULL),
(930, 33, 6, 23, 'p', 330750, NULL),
(931, 33, 6, 2, 'p', 84000, NULL),
(932, 33, 6, 19, 'p', 46750, NULL),
(933, 33, 6, 27, 'p', 128000, NULL),
(934, 33, 6, 7, 'p', 212625, NULL),
(935, 33, 6, 24, 'p', 128000, NULL),
(936, 33, 6, 20, 'p', 36500, NULL),
(937, 33, 6, 15, 'p', 51500, NULL),
(938, 33, 6, 29, 'p', 107500, NULL),
(939, 33, 6, 12, 'p', 115500, NULL),
(940, 33, 6, 16, 'p', 85000, NULL),
(941, 33, 6, 18, 'p', 58500, NULL),
(942, 33, 6, 25, 'p', 135700, NULL),
(943, 33, 6, 14, 'p', 111500, NULL),
(944, 33, 6, 1, 'p', 135700, NULL),
(945, 33, 6, 26, 'p', 135700, NULL),
(946, 33, 6, 6, 'p', 107500, NULL),
(947, 33, 6, 4, 'p', 540000, NULL),
(948, 33, 6, 22, 'p', 96600, NULL),
(949, 33, 6, 28, 'p', 128000, NULL),
(950, 33, 6, 21, 'p', 236250, NULL),
(951, 33, 6, 17, 'p', 85000, NULL),
(952, 33, 6, 5, 'p', 378000, NULL),
(953, 33, 6, 10, 'p', 58500, NULL),
(954, 33, 6, 13, 'p', 60000, NULL),
(955, 33, 6, 8, 'p', 69500, NULL),
(956, 33, 6, 3, 'p', 0, NULL),
(957, 33, 6, 9, 'p', 58500, NULL),
(958, 34, 6, 11, 'p', 182000, NULL),
(959, 34, 6, 23, 'p', 0, NULL),
(960, 34, 6, 2, 'p', 84000, NULL),
(961, 34, 6, 19, 'p', 46750, NULL),
(962, 34, 6, 27, 'p', 128000, NULL),
(963, 34, 6, 7, 'p', 0, NULL),
(964, 34, 6, 24, 'p', 128000, NULL),
(965, 34, 6, 20, 'p', 36500, NULL),
(966, 34, 6, 15, 'p', 51500, NULL),
(967, 34, 6, 29, 'p', 107500, NULL),
(968, 34, 6, 12, 'p', 115500, NULL),
(969, 34, 6, 16, 'p', 85000, NULL),
(970, 34, 6, 18, 'p', 58500, NULL),
(971, 34, 6, 25, 'p', 135700, NULL),
(972, 34, 6, 14, 'p', 111500, NULL),
(973, 34, 6, 1, 'p', 135700, NULL),
(974, 34, 6, 26, 'p', 135700, NULL),
(975, 34, 6, 6, 'p', 107500, NULL),
(976, 34, 6, 4, 'p', 0, NULL),
(977, 34, 6, 22, 'p', 96600, NULL),
(978, 34, 6, 28, 'p', 128000, NULL),
(979, 34, 6, 21, 'p', 0, NULL),
(980, 34, 6, 17, 'p', 85000, NULL),
(981, 34, 6, 5, 'p', 0, NULL),
(982, 34, 6, 10, 'p', 58500, NULL),
(983, 34, 6, 13, 'p', 60000, NULL),
(984, 34, 6, 8, 'p', 69500, NULL),
(985, 34, 6, 3, 'p', 0, NULL),
(986, 34, 6, 9, 'p', 58500, NULL),
(987, 35, 6, 11, 'p', 182000, NULL),
(988, 35, 6, 23, 'p', 316050, NULL),
(989, 35, 6, 2, 'p', 84000, NULL),
(990, 35, 6, 19, 'p', 46750, NULL),
(991, 35, 6, 27, 'p', 128000, NULL),
(992, 35, 6, 7, 'p', 203175, NULL),
(993, 35, 6, 24, 'p', 128000, NULL),
(994, 35, 6, 20, 'p', 36500, NULL),
(995, 35, 6, 15, 'p', 51500, NULL),
(996, 35, 6, 29, 'p', 107500, NULL),
(997, 35, 6, 12, 'p', 115500, NULL),
(998, 35, 6, 16, 'p', 85000, NULL),
(999, 35, 6, 18, 'p', 58500, NULL),
(1000, 35, 6, 25, 'p', 135700, NULL),
(1001, 35, 6, 14, 'p', 111500, NULL),
(1002, 35, 6, 1, 'p', 135700, NULL),
(1003, 35, 6, 26, 'p', 135700, NULL),
(1004, 35, 6, 6, 'p', 107500, NULL),
(1005, 35, 6, 4, 'p', 516000, NULL),
(1006, 35, 6, 22, 'p', 96600, NULL),
(1007, 35, 6, 28, 'p', 128000, NULL),
(1008, 35, 6, 21, 'p', 225750, NULL),
(1009, 35, 6, 17, 'p', 85000, NULL),
(1010, 35, 6, 5, 'p', 361200, NULL),
(1011, 35, 6, 10, 'p', 58500, NULL),
(1012, 35, 6, 13, 'p', 60000, NULL),
(1013, 35, 6, 8, 'p', 69500, NULL),
(1014, 35, 6, 3, 'p', 0, NULL),
(1015, 35, 6, 9, 'p', 58500, NULL),
(1016, 36, 10, 11, 'p', 254150, NULL),
(1017, 36, 10, 23, 'p', 0, NULL),
(1018, 36, 10, 2, 'p', 132250, NULL),
(1019, 36, 10, 19, 'p', 57500, NULL),
(1020, 36, 10, 27, 'p', 189750, NULL),
(1021, 36, 10, 7, 'p', 0, NULL),
(1022, 36, 10, 24, 'p', 189750, NULL),
(1023, 36, 10, 20, 'p', 56350, NULL),
(1024, 36, 10, 15, 'p', 59800, NULL),
(1025, 36, 10, 29, 'p', 158700, NULL),
(1026, 36, 10, 12, 'p', 128800, NULL),
(1027, 36, 10, 16, 'p', 78200, NULL),
(1028, 36, 10, 18, 'p', 64400, NULL),
(1029, 36, 10, 25, 'p', 216200, NULL),
(1030, 36, 10, 14, 'p', 128800, NULL),
(1031, 36, 10, 1, 'p', 216200, NULL),
(1032, 36, 10, 26, 'p', 216200, NULL),
(1033, 36, 10, 6, 'p', 158700, NULL),
(1034, 36, 10, 4, 'p', 0, NULL),
(1035, 36, 10, 22, 'p', 146050, NULL),
(1036, 36, 10, 28, 'p', 189750, NULL),
(1037, 36, 10, 21, 'p', 0, NULL),
(1038, 36, 10, 17, 'p', 78200, NULL),
(1039, 36, 10, 5, 'p', 0, NULL),
(1040, 36, 10, 10, 'p', 64400, NULL),
(1041, 36, 10, 13, 'p', 69000, NULL),
(1042, 36, 10, 8, 'p', 100050, NULL),
(1043, 36, 10, 3, 'p', 0, NULL),
(1044, 36, 10, 9, 'p', 64400, NULL),
(1045, 37, 3, 11, 'p', 506000, NULL),
(1046, 37, 3, 23, 'p', 543900, NULL),
(1047, 37, 3, 2, 'p', 287500, NULL),
(1048, 37, 3, 19, 'p', 151200, NULL),
(1049, 37, 3, 27, 'p', 504000, NULL),
(1050, 37, 3, 7, 'p', 349650, NULL),
(1051, 37, 3, 24, 'p', 504000, NULL),
(1052, 37, 3, 20, 'p', 140400, NULL),
(1053, 37, 3, 15, 'p', 170500, NULL),
(1054, 37, 3, 29, 'p', 386500, NULL),
(1055, 37, 3, 12, 'p', 341500, NULL),
(1056, 37, 3, 16, 'p', 440000, NULL),
(1057, 37, 3, 18, 'p', 191400, NULL),
(1058, 37, 3, 25, 'p', 770400, NULL),
(1059, 37, 3, 14, 'p', 307000, NULL),
(1060, 37, 3, 1, 'p', 770400, NULL),
(1061, 37, 3, 26, 'p', 770400, NULL),
(1062, 37, 3, 6, 'p', 387500, NULL),
(1063, 37, 3, 4, 'p', 888000, NULL),
(1064, 37, 3, 22, 'p', 373200, NULL),
(1065, 37, 3, 28, 'p', 504000, NULL),
(1066, 37, 3, 21, 'p', 388500, NULL),
(1067, 37, 3, 17, 'p', 440000, NULL),
(1068, 37, 3, 5, 'p', 621600, NULL),
(1069, 37, 3, 10, 'p', 191400, NULL),
(1070, 37, 3, 13, 'p', 198500, NULL),
(1071, 37, 3, 8, 'p', 209500, NULL),
(1072, 37, 3, 3, 'p', 0, NULL),
(1073, 37, 3, 9, 'p', 191400, NULL),
(1074, 38, 3, 11, 'p', 506000, NULL),
(1075, 38, 3, 23, 'p', 720300, NULL),
(1076, 38, 3, 2, 'p', 287500, NULL),
(1077, 38, 3, 19, 'p', 151200, NULL),
(1078, 38, 3, 27, 'p', 504000, NULL),
(1079, 38, 3, 7, 'p', 463050, NULL),
(1080, 38, 3, 24, 'p', 504000, NULL),
(1081, 38, 3, 20, 'p', 140400, NULL),
(1082, 38, 3, 15, 'p', 170500, NULL),
(1083, 38, 3, 29, 'p', 386500, NULL),
(1084, 38, 3, 12, 'p', 341500, NULL),
(1085, 38, 3, 16, 'p', 440000, NULL),
(1086, 38, 3, 18, 'p', 191400, NULL),
(1087, 38, 3, 25, 'p', 770400, NULL),
(1088, 38, 3, 14, 'p', 307000, NULL),
(1089, 38, 3, 1, 'p', 770400, NULL),
(1090, 38, 3, 26, 'p', 770400, NULL),
(1091, 38, 3, 6, 'p', 387500, NULL),
(1092, 38, 3, 4, 'p', 1176000, NULL),
(1093, 38, 3, 22, 'p', 373200, NULL),
(1094, 38, 3, 28, 'p', 504000, NULL),
(1095, 38, 3, 21, 'p', 514500, NULL),
(1096, 38, 3, 17, 'p', 440000, NULL),
(1097, 38, 3, 5, 'p', 823200, NULL),
(1098, 38, 3, 10, 'p', 191400, NULL),
(1099, 38, 3, 13, 'p', 198500, NULL),
(1100, 38, 3, 8, 'p', 209500, NULL),
(1101, 38, 3, 3, 'p', 0, NULL),
(1102, 38, 3, 9, 'p', 191400, NULL),
(1103, 39, 3, 11, 'p', 506000, NULL),
(1104, 39, 3, 23, 'p', 639450, NULL),
(1105, 39, 3, 2, 'p', 287500, NULL),
(1106, 39, 3, 19, 'p', 151200, NULL),
(1107, 39, 3, 27, 'p', 504000, NULL),
(1108, 39, 3, 7, 'p', 411075, NULL),
(1109, 39, 3, 24, 'p', 504000, NULL),
(1110, 39, 3, 20, 'p', 140400, NULL),
(1111, 39, 3, 15, 'p', 170500, NULL),
(1112, 39, 3, 29, 'p', 386500, NULL),
(1113, 39, 3, 12, 'p', 341500, NULL),
(1114, 39, 3, 16, 'p', 440000, NULL),
(1115, 39, 3, 18, 'p', 191400, NULL),
(1116, 39, 3, 25, 'p', 770400, NULL),
(1117, 39, 3, 14, 'p', 307000, NULL),
(1118, 39, 3, 1, 'p', 770400, NULL),
(1119, 39, 3, 26, 'p', 770400, NULL),
(1120, 39, 3, 6, 'p', 387500, NULL),
(1121, 39, 3, 4, 'p', 1044000, NULL),
(1122, 39, 3, 22, 'p', 373200, NULL),
(1123, 39, 3, 28, 'p', 504000, NULL),
(1124, 39, 3, 21, 'p', 456750, NULL),
(1125, 39, 3, 17, 'p', 440000, NULL),
(1126, 39, 3, 5, 'p', 730800, NULL),
(1127, 39, 3, 10, 'p', 191400, NULL),
(1128, 39, 3, 13, 'p', 198500, NULL),
(1129, 39, 3, 8, 'p', 209500, NULL),
(1130, 39, 3, 3, 'p', 0, NULL),
(1131, 39, 3, 9, 'p', 191400, NULL),
(1132, 40, 3, 11, 'p', 506000, NULL),
(1133, 40, 3, 23, 'p', 639450, NULL),
(1134, 40, 3, 2, 'p', 287500, NULL),
(1135, 40, 3, 19, 'p', 151200, NULL),
(1136, 40, 3, 27, 'p', 504000, NULL),
(1137, 40, 3, 7, 'p', 411075, NULL),
(1138, 40, 3, 24, 'p', 504000, NULL),
(1139, 40, 3, 20, 'p', 140400, NULL),
(1140, 40, 3, 15, 'p', 170500, NULL),
(1141, 40, 3, 29, 'p', 386500, NULL),
(1142, 40, 3, 12, 'p', 341500, NULL),
(1143, 40, 3, 16, 'p', 440000, NULL),
(1144, 40, 3, 18, 'p', 191400, NULL),
(1145, 40, 3, 25, 'p', 770400, NULL),
(1146, 40, 3, 14, 'p', 307000, NULL),
(1147, 40, 3, 1, 'p', 770400, NULL),
(1148, 40, 3, 26, 'p', 770400, NULL),
(1149, 40, 3, 6, 'p', 387500, NULL),
(1150, 40, 3, 4, 'p', 1044000, NULL),
(1151, 40, 3, 22, 'p', 373200, NULL),
(1152, 40, 3, 28, 'p', 504000, NULL),
(1153, 40, 3, 21, 'p', 456750, NULL),
(1154, 40, 3, 17, 'p', 440000, NULL),
(1155, 40, 3, 5, 'p', 730800, NULL),
(1156, 40, 3, 10, 'p', 191400, NULL),
(1157, 40, 3, 13, 'p', 198500, NULL),
(1158, 40, 3, 8, 'p', 209500, NULL),
(1159, 40, 3, 3, 'p', 0, NULL),
(1160, 40, 3, 9, 'p', 191400, NULL),
(1161, 41, 3, 11, 'p', 506000, NULL),
(1162, 41, 3, 23, 'p', 889350, NULL),
(1163, 41, 3, 2, 'p', 287500, NULL),
(1164, 41, 3, 19, 'p', 151200, NULL),
(1165, 41, 3, 27, 'p', 504000, NULL),
(1166, 41, 3, 7, 'p', 571725, NULL),
(1167, 41, 3, 24, 'p', 504000, NULL),
(1168, 41, 3, 20, 'p', 140400, NULL),
(1169, 41, 3, 15, 'p', 170500, NULL),
(1170, 41, 3, 29, 'p', 386500, NULL),
(1171, 41, 3, 12, 'p', 341500, NULL),
(1172, 41, 3, 16, 'p', 440000, NULL),
(1173, 41, 3, 18, 'p', 191400, NULL),
(1174, 41, 3, 25, 'p', 770400, NULL),
(1175, 41, 3, 14, 'p', 307000, NULL),
(1176, 41, 3, 1, 'p', 770400, NULL),
(1177, 41, 3, 26, 'p', 770400, NULL),
(1178, 41, 3, 6, 'p', 387500, NULL),
(1179, 41, 3, 4, 'p', 1452000, NULL),
(1180, 41, 3, 22, 'p', 373200, NULL),
(1181, 41, 3, 28, 'p', 504000, NULL),
(1182, 41, 3, 21, 'p', 635250, NULL),
(1183, 41, 3, 17, 'p', 440000, NULL),
(1184, 41, 3, 5, 'p', 1016400, NULL),
(1185, 41, 3, 10, 'p', 191400, NULL),
(1186, 41, 3, 13, 'p', 198500, NULL),
(1187, 41, 3, 8, 'p', 209500, NULL),
(1188, 41, 3, 3, 'p', 0, NULL),
(1189, 41, 3, 9, 'p', 191400, NULL),
(1190, 42, 4, 11, 'p', 548500, NULL),
(1191, 42, 4, 23, 'p', 1205400, NULL),
(1192, 42, 4, 2, 'p', 365700, NULL),
(1193, 42, 4, 19, 'p', 173250, NULL),
(1194, 42, 4, 27, 'p', 582000, NULL),
(1195, 42, 4, 7, 'p', 774900, NULL),
(1196, 42, 4, 24, 'p', 582000, NULL),
(1197, 42, 4, 20, 'p', 139500, NULL),
(1198, 42, 4, 15, 'p', 185350, NULL),
(1199, 42, 4, 29, 'p', 402500, NULL),
(1200, 42, 4, 12, 'p', 358000, NULL),
(1201, 42, 4, 16, 'p', 440000, NULL),
(1202, 42, 4, 18, 'p', 198550, NULL),
(1203, 42, 4, 25, 'p', 769000, NULL),
(1204, 42, 4, 14, 'p', 319500, NULL),
(1205, 42, 4, 1, 'p', 769000, NULL),
(1206, 42, 4, 26, 'p', 769000, NULL),
(1207, 42, 4, 6, 'p', 402500, NULL),
(1208, 42, 4, 4, 'p', 1968000, NULL),
(1209, 42, 4, 22, 'p', 392200, NULL),
(1210, 42, 4, 28, 'p', 582000, NULL),
(1211, 42, 4, 21, 'p', 861000, NULL),
(1212, 42, 4, 17, 'p', 440000, NULL),
(1213, 42, 4, 5, 'p', 1377600, NULL),
(1214, 42, 4, 10, 'p', 198550, NULL),
(1215, 42, 4, 13, 'p', 198550, NULL),
(1216, 42, 4, 8, 'p', 218500, NULL),
(1217, 42, 4, 3, 'p', 0, NULL),
(1218, 42, 4, 9, 'p', 198550, NULL),
(1219, 43, 4, 11, 'p', 548500, NULL),
(1220, 43, 4, 23, 'p', 1205400, NULL),
(1221, 43, 4, 2, 'p', 365700, NULL),
(1222, 43, 4, 19, 'p', 173250, NULL),
(1223, 43, 4, 27, 'p', 582000, NULL),
(1224, 43, 4, 7, 'p', 774900, NULL),
(1225, 43, 4, 24, 'p', 582000, NULL),
(1226, 43, 4, 20, 'p', 139500, NULL),
(1227, 43, 4, 15, 'p', 185350, NULL),
(1228, 43, 4, 29, 'p', 402500, NULL),
(1229, 43, 4, 12, 'p', 358000, NULL),
(1230, 43, 4, 16, 'p', 440000, NULL),
(1231, 43, 4, 18, 'p', 198550, NULL),
(1232, 43, 4, 25, 'p', 769000, NULL),
(1233, 43, 4, 14, 'p', 319500, NULL),
(1234, 43, 4, 1, 'p', 769000, NULL),
(1235, 43, 4, 26, 'p', 769000, NULL),
(1236, 43, 4, 6, 'p', 402500, NULL),
(1237, 43, 4, 4, 'p', 1968000, NULL),
(1238, 43, 4, 22, 'p', 392200, NULL),
(1239, 43, 4, 28, 'p', 582000, NULL),
(1240, 43, 4, 21, 'p', 861000, NULL),
(1241, 43, 4, 17, 'p', 440000, NULL),
(1242, 43, 4, 5, 'p', 1377600, NULL),
(1243, 43, 4, 10, 'p', 198550, NULL),
(1244, 43, 4, 13, 'p', 198550, NULL),
(1245, 43, 4, 8, 'p', 218500, NULL),
(1246, 43, 4, 3, 'p', 0, NULL),
(1247, 43, 4, 9, 'p', 198550, NULL),
(1248, 44, 4, 11, 'p', 548500, NULL),
(1249, 44, 4, 23, 'p', 882000, NULL),
(1250, 44, 4, 2, 'p', 365700, NULL),
(1251, 44, 4, 19, 'p', 173250, NULL),
(1252, 44, 4, 27, 'p', 582000, NULL),
(1253, 44, 4, 7, 'p', 567000, NULL),
(1254, 44, 4, 24, 'p', 582000, NULL),
(1255, 44, 4, 20, 'p', 139500, NULL),
(1256, 44, 4, 15, 'p', 185350, NULL),
(1257, 44, 4, 29, 'p', 402500, NULL),
(1258, 44, 4, 12, 'p', 358000, NULL),
(1259, 44, 4, 16, 'p', 440000, NULL),
(1260, 44, 4, 18, 'p', 198550, NULL),
(1261, 44, 4, 25, 'p', 769000, NULL),
(1262, 44, 4, 14, 'p', 319500, NULL),
(1263, 44, 4, 1, 'p', 769000, NULL),
(1264, 44, 4, 26, 'p', 769000, NULL),
(1265, 44, 4, 6, 'p', 402500, NULL),
(1266, 44, 4, 4, 'p', 1440000, NULL),
(1267, 44, 4, 22, 'p', 392200, NULL),
(1268, 44, 4, 28, 'p', 582000, NULL),
(1269, 44, 4, 21, 'p', 630000, NULL),
(1270, 44, 4, 17, 'p', 440000, NULL),
(1271, 44, 4, 5, 'p', 1008000, NULL),
(1272, 44, 4, 10, 'p', 198550, NULL),
(1273, 44, 4, 13, 'p', 198550, NULL),
(1274, 44, 4, 8, 'p', 218500, NULL),
(1275, 44, 4, 3, 'p', 0, NULL),
(1276, 44, 4, 9, 'p', 198550, NULL),
(1277, 45, 4, 11, 'p', 548500, NULL),
(1278, 45, 4, 23, 'p', 1227450, NULL),
(1279, 45, 4, 2, 'p', 365700, NULL),
(1280, 45, 4, 19, 'p', 173250, NULL),
(1281, 45, 4, 27, 'p', 582000, NULL),
(1282, 45, 4, 7, 'p', 789075, NULL),
(1283, 45, 4, 24, 'p', 582000, NULL),
(1284, 45, 4, 20, 'p', 139500, NULL),
(1285, 45, 4, 15, 'p', 185350, NULL),
(1286, 45, 4, 29, 'p', 402500, NULL),
(1287, 45, 4, 12, 'p', 358000, NULL),
(1288, 45, 4, 16, 'p', 440000, NULL),
(1289, 45, 4, 18, 'p', 198550, NULL),
(1290, 45, 4, 25, 'p', 769000, NULL),
(1291, 45, 4, 14, 'p', 319500, NULL),
(1292, 45, 4, 1, 'p', 769000, NULL),
(1293, 45, 4, 26, 'p', 769000, NULL),
(1294, 45, 4, 6, 'p', 402500, NULL),
(1295, 45, 4, 4, 'p', 2004000, NULL),
(1296, 45, 4, 22, 'p', 392200, NULL),
(1297, 45, 4, 28, 'p', 582000, NULL),
(1298, 45, 4, 21, 'p', 876750, NULL),
(1299, 45, 4, 17, 'p', 440000, NULL),
(1300, 45, 4, 5, 'p', 1402800, NULL),
(1301, 45, 4, 10, 'p', 198550, NULL),
(1302, 45, 4, 13, 'p', 198550, NULL),
(1303, 45, 4, 8, 'p', 218500, NULL),
(1304, 45, 4, 3, 'p', 0, NULL),
(1305, 45, 4, 9, 'p', 198550, NULL),
(1306, 46, 4, 11, 'p', 548500, NULL),
(1307, 46, 4, 23, 'p', 1447950, NULL),
(1308, 46, 4, 2, 'p', 365700, NULL),
(1309, 46, 4, 19, 'p', 173250, NULL),
(1310, 46, 4, 27, 'p', 582000, NULL),
(1311, 46, 4, 7, 'p', 930825, NULL),
(1312, 46, 4, 24, 'p', 582000, NULL),
(1313, 46, 4, 20, 'p', 139500, NULL),
(1314, 46, 4, 15, 'p', 185350, NULL),
(1315, 46, 4, 29, 'p', 402500, NULL),
(1316, 46, 4, 12, 'p', 358000, NULL),
(1317, 46, 4, 16, 'p', 440000, NULL),
(1318, 46, 4, 18, 'p', 198550, NULL),
(1319, 46, 4, 25, 'p', 769000, NULL),
(1320, 46, 4, 14, 'p', 319500, NULL),
(1321, 46, 4, 1, 'p', 769000, NULL),
(1322, 46, 4, 26, 'p', 769000, NULL),
(1323, 46, 4, 6, 'p', 402500, NULL),
(1324, 46, 4, 4, 'p', 2364000, NULL),
(1325, 46, 4, 22, 'p', 392200, NULL),
(1326, 46, 4, 28, 'p', 582000, NULL),
(1327, 46, 4, 21, 'p', 1034250, NULL),
(1328, 46, 4, 17, 'p', 440000, NULL),
(1329, 46, 4, 5, 'p', 1654800, NULL),
(1330, 46, 4, 10, 'p', 198550, NULL),
(1331, 46, 4, 13, 'p', 198550, NULL),
(1332, 46, 4, 8, 'p', 218500, NULL),
(1333, 46, 4, 3, 'p', 0, NULL),
(1334, 46, 4, 9, 'p', 198550, NULL),
(1335, 47, 4, 11, 'p', 548500, NULL),
(1336, 47, 4, 23, 'p', 1447950, NULL),
(1337, 47, 4, 2, 'p', 365700, NULL),
(1338, 47, 4, 19, 'p', 173250, NULL),
(1339, 47, 4, 27, 'p', 582000, NULL),
(1340, 47, 4, 7, 'p', 930825, NULL),
(1341, 47, 4, 24, 'p', 582000, NULL),
(1342, 47, 4, 20, 'p', 139500, NULL),
(1343, 47, 4, 15, 'p', 185350, NULL),
(1344, 47, 4, 29, 'p', 402500, NULL),
(1345, 47, 4, 12, 'p', 358000, NULL),
(1346, 47, 4, 16, 'p', 440000, NULL),
(1347, 47, 4, 18, 'p', 198550, NULL),
(1348, 47, 4, 25, 'p', 769000, NULL),
(1349, 47, 4, 14, 'p', 319500, NULL),
(1350, 47, 4, 1, 'p', 769000, NULL),
(1351, 47, 4, 26, 'p', 769000, NULL),
(1352, 47, 4, 6, 'p', 402500, NULL),
(1353, 47, 4, 4, 'p', 2364000, NULL),
(1354, 47, 4, 22, 'p', 392200, NULL),
(1355, 47, 4, 28, 'p', 582000, NULL),
(1356, 47, 4, 21, 'p', 1034250, NULL),
(1357, 47, 4, 17, 'p', 440000, NULL),
(1358, 47, 4, 5, 'p', 1654800, NULL),
(1359, 47, 4, 10, 'p', 198550, NULL),
(1360, 47, 4, 13, 'p', 198550, NULL),
(1361, 47, 4, 8, 'p', 218500, NULL),
(1362, 47, 4, 3, 'p', 0, NULL),
(1363, 47, 4, 9, 'p', 198550, NULL),
(1364, 48, 2, 11, 'p', 506000, NULL),
(1365, 48, 2, 23, 'p', 1146600, NULL),
(1366, 48, 2, 2, 'p', 287500, NULL),
(1367, 48, 2, 19, 'p', 151200, NULL),
(1368, 48, 2, 27, 'p', 504000, NULL),
(1369, 48, 2, 7, 'p', 737100, NULL),
(1370, 48, 2, 24, 'p', 582000, NULL),
(1371, 48, 2, 20, 'p', 139500, NULL),
(1372, 48, 2, 15, 'p', 185350, NULL),
(1373, 48, 2, 29, 'p', 402500, NULL),
(1374, 48, 2, 12, 'p', 358000, NULL),
(1375, 48, 2, 16, 'p', 440000, NULL),
(1376, 48, 2, 18, 'p', 198550, NULL),
(1377, 48, 2, 25, 'p', 770400, NULL),
(1378, 48, 2, 14, 'p', 307000, NULL),
(1379, 48, 2, 1, 'p', 770400, NULL),
(1380, 48, 2, 26, 'p', 770400, NULL),
(1381, 48, 2, 6, 'p', 387500, NULL),
(1382, 48, 2, 4, 'p', 1872000, NULL),
(1383, 48, 2, 22, 'p', 373200, NULL),
(1384, 48, 2, 28, 'p', 504000, NULL),
(1385, 48, 2, 21, 'p', 819000, NULL),
(1386, 48, 2, 17, 'p', 440000, NULL),
(1387, 48, 2, 5, 'p', 1310400, NULL),
(1388, 48, 2, 10, 'p', 191400, NULL),
(1389, 48, 2, 13, 'p', 198500, NULL),
(1390, 48, 2, 8, 'p', 209500, NULL),
(1391, 48, 2, 3, 'p', 0, NULL),
(1392, 48, 2, 9, 'p', 191400, NULL),
(1393, 49, 2, 11, 'p', 506000, NULL),
(1394, 49, 2, 23, 'p', 2050650, NULL),
(1395, 49, 2, 2, 'p', 287500, NULL),
(1396, 49, 2, 19, 'p', 151200, NULL),
(1397, 49, 2, 27, 'p', 504000, NULL),
(1398, 49, 2, 7, 'p', 1318275, NULL),
(1399, 49, 2, 24, 'p', 582000, NULL),
(1400, 49, 2, 20, 'p', 139500, NULL),
(1401, 49, 2, 15, 'p', 185350, NULL),
(1402, 49, 2, 29, 'p', 402500, NULL),
(1403, 49, 2, 12, 'p', 358000, NULL),
(1404, 49, 2, 16, 'p', 440000, NULL),
(1405, 49, 2, 18, 'p', 198550, NULL),
(1406, 49, 2, 25, 'p', 770400, NULL),
(1407, 49, 2, 14, 'p', 307000, NULL),
(1408, 49, 2, 1, 'p', 770400, NULL),
(1409, 49, 2, 26, 'p', 770400, NULL),
(1410, 49, 2, 6, 'p', 387500, NULL),
(1411, 49, 2, 4, 'p', 3348000, NULL),
(1412, 49, 2, 22, 'p', 373200, NULL),
(1413, 49, 2, 28, 'p', 504000, NULL),
(1414, 49, 2, 21, 'p', 1464750, NULL),
(1415, 49, 2, 17, 'p', 440000, NULL),
(1416, 49, 2, 5, 'p', 2343600, NULL),
(1417, 49, 2, 10, 'p', 191400, NULL),
(1418, 49, 2, 13, 'p', 198500, NULL),
(1419, 49, 2, 8, 'p', 209500, NULL),
(1420, 49, 2, 3, 'p', 0, NULL),
(1421, 49, 2, 9, 'p', 191400, NULL),
(1422, 50, 4, 11, 'p', 548500, NULL),
(1423, 50, 4, 23, 'p', 2322600, NULL),
(1424, 50, 4, 2, 'p', 365700, NULL),
(1425, 50, 4, 19, 'p', 173250, NULL),
(1426, 50, 4, 27, 'p', 582000, NULL),
(1427, 50, 4, 7, 'p', 1493100, NULL),
(1428, 50, 4, 24, 'p', 582000, NULL),
(1429, 50, 4, 20, 'p', 139500, NULL),
(1430, 50, 4, 15, 'p', 185350, NULL),
(1431, 50, 4, 29, 'p', 402500, NULL),
(1432, 50, 4, 12, 'p', 358000, NULL),
(1433, 50, 4, 16, 'p', 440000, NULL),
(1434, 50, 4, 18, 'p', 198550, NULL),
(1435, 50, 4, 25, 'p', 769000, NULL),
(1436, 50, 4, 14, 'p', 319500, NULL),
(1437, 50, 4, 1, 'p', 769000, NULL),
(1438, 50, 4, 26, 'p', 769000, NULL),
(1439, 50, 4, 6, 'p', 402500, NULL),
(1440, 50, 4, 4, 'p', 3792000, NULL),
(1441, 50, 4, 22, 'p', 392200, NULL),
(1442, 50, 4, 28, 'p', 582000, NULL),
(1443, 50, 4, 21, 'p', 1659000, NULL),
(1444, 50, 4, 17, 'p', 440000, NULL),
(1445, 50, 4, 5, 'p', 2654400, NULL),
(1446, 50, 4, 10, 'p', 198550, NULL),
(1447, 50, 4, 13, 'p', 198550, NULL),
(1448, 50, 4, 8, 'p', 218500, NULL);
INSERT INTO `tbl_product_price_list` (`id_product_price_list`, `id_product_catalog`, `id_class_price`, `id_region`, `type`, `price`, `perkalian`) VALUES
(1449, 50, 4, 3, 'p', 0, NULL),
(1450, 50, 4, 9, 'p', 198550, NULL),
(1451, 51, 10, 11, 'p', 55250, NULL),
(1452, 51, 10, 23, 'p', 58800, NULL),
(1453, 51, 10, 2, 'p', 28750, NULL),
(1454, 51, 10, 19, 'p', 12500, NULL),
(1455, 51, 10, 27, 'p', 41250, NULL),
(1456, 51, 10, 7, 'p', 37800, NULL),
(1457, 51, 10, 24, 'p', 582000, NULL),
(1458, 51, 10, 20, 'p', 139500, NULL),
(1459, 51, 10, 15, 'p', 185350, NULL),
(1460, 51, 10, 29, 'p', 402500, NULL),
(1461, 51, 10, 12, 'p', 358000, NULL),
(1462, 51, 10, 16, 'p', 440000, NULL),
(1463, 51, 10, 18, 'p', 198550, NULL),
(1464, 51, 10, 25, 'p', 47000, NULL),
(1465, 51, 10, 14, 'p', 28000, NULL),
(1466, 51, 10, 1, 'p', 47000, NULL),
(1467, 51, 10, 26, 'p', 47000, NULL),
(1468, 51, 10, 6, 'p', 34500, NULL),
(1469, 51, 10, 4, 'p', 96000, NULL),
(1470, 51, 10, 22, 'p', 31750, NULL),
(1471, 51, 10, 28, 'p', 41250, NULL),
(1472, 51, 10, 21, 'p', 42000, NULL),
(1473, 51, 10, 17, 'p', 17000, NULL),
(1474, 51, 10, 5, 'p', 67200, NULL),
(1475, 51, 10, 10, 'p', 14000, NULL),
(1476, 51, 10, 13, 'p', 15000, NULL),
(1477, 51, 10, 8, 'p', 21750, NULL),
(1478, 51, 10, 3, 'p', 0, NULL),
(1479, 51, 10, 9, 'p', 14000, NULL),
(1480, 52, 4, 11, 'p', 548500, NULL),
(1481, 52, 4, 23, 'p', 1455300, NULL),
(1482, 52, 4, 2, 'p', 365700, NULL),
(1483, 52, 4, 19, 'p', 173250, NULL),
(1484, 52, 4, 27, 'p', 582000, NULL),
(1485, 52, 4, 7, 'p', 935550, NULL),
(1486, 52, 4, 24, 'p', 582000, NULL),
(1487, 52, 4, 20, 'p', 139500, NULL),
(1488, 52, 4, 15, 'p', 185350, NULL),
(1489, 52, 4, 29, 'p', 402500, NULL),
(1490, 52, 4, 12, 'p', 358000, NULL),
(1491, 52, 4, 16, 'p', 440000, NULL),
(1492, 52, 4, 18, 'p', 198550, NULL),
(1493, 52, 4, 25, 'p', 769000, NULL),
(1494, 52, 4, 14, 'p', 319500, NULL),
(1495, 52, 4, 1, 'p', 769000, NULL),
(1496, 52, 4, 26, 'p', 769000, NULL),
(1497, 52, 4, 6, 'p', 402500, NULL),
(1498, 52, 4, 4, 'p', 2376000, NULL),
(1499, 52, 4, 22, 'p', 392200, NULL),
(1500, 52, 4, 28, 'p', 582000, NULL),
(1501, 52, 4, 21, 'p', 1039500, NULL),
(1502, 52, 4, 17, 'p', 440000, NULL),
(1503, 52, 4, 5, 'p', 1663200, NULL),
(1504, 52, 4, 10, 'p', 198550, NULL),
(1505, 52, 4, 13, 'p', 198550, NULL),
(1506, 52, 4, 8, 'p', 218500, NULL),
(1507, 52, 4, 3, 'p', 0, NULL),
(1508, 52, 4, 9, 'p', 198550, NULL),
(1509, 53, 4, 11, 'p', 548500, NULL),
(1510, 53, 4, 23, 'p', 1271550, NULL),
(1511, 53, 4, 2, 'p', 365700, NULL),
(1512, 53, 4, 19, 'p', 173250, NULL),
(1513, 53, 4, 27, 'p', 582000, NULL),
(1514, 53, 4, 7, 'p', 817425, NULL),
(1515, 53, 4, 24, 'p', 582000, NULL),
(1516, 53, 4, 20, 'p', 139500, NULL),
(1517, 53, 4, 15, 'p', 185350, NULL),
(1518, 53, 4, 29, 'p', 402500, NULL),
(1519, 53, 4, 12, 'p', 358000, NULL),
(1520, 53, 4, 16, 'p', 440000, NULL),
(1521, 53, 4, 18, 'p', 198550, NULL),
(1522, 53, 4, 25, 'p', 769000, NULL),
(1523, 53, 4, 14, 'p', 319500, NULL),
(1524, 53, 4, 1, 'p', 769000, NULL),
(1525, 53, 4, 26, 'p', 769000, NULL),
(1526, 53, 4, 6, 'p', 402500, NULL),
(1527, 53, 4, 4, 'p', 2076000, NULL),
(1528, 53, 4, 22, 'p', 392200, NULL),
(1529, 53, 4, 28, 'p', 582000, NULL),
(1530, 53, 4, 21, 'p', 908250, NULL),
(1531, 53, 4, 17, 'p', 440000, NULL),
(1532, 53, 4, 5, 'p', 1453200, NULL),
(1533, 53, 4, 10, 'p', 198550, NULL),
(1534, 53, 4, 13, 'p', 198550, NULL),
(1535, 53, 4, 8, 'p', 218500, NULL),
(1536, 53, 4, 3, 'p', 0, NULL),
(1537, 53, 4, 9, 'p', 198550, NULL),
(1538, 54, 4, 11, 'p', 548500, NULL),
(1539, 54, 4, 23, 'p', 1536150, NULL),
(1540, 54, 4, 2, 'p', 365700, NULL),
(1541, 54, 4, 19, 'p', 173250, NULL),
(1542, 54, 4, 27, 'p', 582000, NULL),
(1543, 54, 4, 7, 'p', 987525, NULL),
(1544, 54, 4, 24, 'p', 582000, NULL),
(1545, 54, 4, 20, 'p', 139500, NULL),
(1546, 54, 4, 15, 'p', 185350, NULL),
(1547, 54, 4, 29, 'p', 402500, NULL),
(1548, 54, 4, 12, 'p', 358000, NULL),
(1549, 54, 4, 16, 'p', 440000, NULL),
(1550, 54, 4, 18, 'p', 198550, NULL),
(1551, 54, 4, 25, 'p', 769000, NULL),
(1552, 54, 4, 14, 'p', 319500, NULL),
(1553, 54, 4, 1, 'p', 769000, NULL),
(1554, 54, 4, 26, 'p', 769000, NULL),
(1555, 54, 4, 6, 'p', 402500, NULL),
(1556, 54, 4, 4, 'p', 2508000, NULL),
(1557, 54, 4, 22, 'p', 392200, NULL),
(1558, 54, 4, 28, 'p', 582000, NULL),
(1559, 54, 4, 21, 'p', 1097250, NULL),
(1560, 54, 4, 17, 'p', 440000, NULL),
(1561, 54, 4, 5, 'p', 1755600, NULL),
(1562, 54, 4, 10, 'p', 198550, NULL),
(1563, 54, 4, 13, 'p', 198550, NULL),
(1564, 54, 4, 8, 'p', 218500, NULL),
(1565, 54, 4, 3, 'p', 0, NULL),
(1566, 54, 4, 9, 'p', 198550, NULL),
(1567, 55, 4, 11, 'p', 548500, NULL),
(1568, 55, 4, 23, 'p', 2535750, NULL),
(1569, 55, 4, 2, 'p', 365700, NULL),
(1570, 55, 4, 19, 'p', 173250, NULL),
(1571, 55, 4, 27, 'p', 582000, NULL),
(1572, 55, 4, 7, 'p', 1630125, NULL),
(1573, 55, 4, 24, 'p', 582000, NULL),
(1574, 55, 4, 20, 'p', 139500, NULL),
(1575, 55, 4, 15, 'p', 185350, NULL),
(1576, 55, 4, 29, 'p', 402500, NULL),
(1577, 55, 4, 12, 'p', 358000, NULL),
(1578, 55, 4, 16, 'p', 440000, NULL),
(1579, 55, 4, 18, 'p', 198550, NULL),
(1580, 55, 4, 25, 'p', 769000, NULL),
(1581, 55, 4, 14, 'p', 319500, NULL),
(1582, 55, 4, 1, 'p', 769000, NULL),
(1583, 55, 4, 26, 'p', 769000, NULL),
(1584, 55, 4, 6, 'p', 402500, NULL),
(1585, 55, 4, 4, 'p', 4140000, NULL),
(1586, 55, 4, 22, 'p', 392200, NULL),
(1587, 55, 4, 28, 'p', 582000, NULL),
(1588, 55, 4, 21, 'p', 1811250, NULL),
(1589, 55, 4, 17, 'p', 440000, NULL),
(1590, 55, 4, 5, 'p', 2898000, NULL),
(1591, 55, 4, 10, 'p', 198550, NULL),
(1592, 55, 4, 13, 'p', 198550, NULL),
(1593, 55, 4, 8, 'p', 218500, NULL),
(1594, 55, 4, 3, 'p', 0, NULL),
(1595, 55, 4, 9, 'p', 198550, NULL),
(1596, 56, 4, 11, 'p', 548500, NULL),
(1597, 56, 4, 23, 'p', 764400, NULL),
(1598, 56, 4, 2, 'p', 365700, NULL),
(1599, 56, 4, 19, 'p', 173250, NULL),
(1600, 56, 4, 27, 'p', 582000, NULL),
(1601, 56, 4, 7, 'p', 491400, NULL),
(1602, 56, 4, 24, 'p', 582000, NULL),
(1603, 56, 4, 20, 'p', 139500, NULL),
(1604, 56, 4, 15, 'p', 185350, NULL),
(1605, 56, 4, 29, 'p', 402500, NULL),
(1606, 56, 4, 12, 'p', 358000, NULL),
(1607, 56, 4, 16, 'p', 440000, NULL),
(1608, 56, 4, 18, 'p', 198550, NULL),
(1609, 56, 4, 25, 'p', 769000, NULL),
(1610, 56, 4, 14, 'p', 319500, NULL),
(1611, 56, 4, 1, 'p', 769000, NULL),
(1612, 56, 4, 26, 'p', 769000, NULL),
(1613, 56, 4, 6, 'p', 402500, NULL),
(1614, 56, 4, 4, 'p', 1248000, NULL),
(1615, 56, 4, 22, 'p', 392200, NULL),
(1616, 56, 4, 28, 'p', 582000, NULL),
(1617, 56, 4, 21, 'p', 546000, NULL),
(1618, 56, 4, 17, 'p', 440000, NULL),
(1619, 56, 4, 5, 'p', 873600, NULL),
(1620, 56, 4, 10, 'p', 198550, NULL),
(1621, 56, 4, 13, 'p', 198550, NULL),
(1622, 56, 4, 8, 'p', 218500, NULL),
(1623, 56, 4, 3, 'p', 0, NULL),
(1624, 56, 4, 9, 'p', 198550, NULL),
(1625, 57, 3, 11, 'p', 506000, NULL),
(1626, 57, 3, 23, 'p', 639450, NULL),
(1627, 57, 3, 2, 'p', 287500, NULL),
(1628, 57, 3, 19, 'p', 151200, NULL),
(1629, 57, 3, 27, 'p', 504000, NULL),
(1630, 57, 3, 7, 'p', 411075, NULL),
(1631, 57, 3, 24, 'p', 582000, NULL),
(1632, 57, 3, 20, 'p', 139500, NULL),
(1633, 57, 3, 15, 'p', 185350, NULL),
(1634, 57, 3, 29, 'p', 402500, NULL),
(1635, 57, 3, 12, 'p', 358000, NULL),
(1636, 57, 3, 16, 'p', 440000, NULL),
(1637, 57, 3, 18, 'p', 198550, NULL),
(1638, 57, 3, 25, 'p', 770400, NULL),
(1639, 57, 3, 14, 'p', 307000, NULL),
(1640, 57, 3, 1, 'p', 770400, NULL),
(1641, 57, 3, 26, 'p', 770400, NULL),
(1642, 57, 3, 6, 'p', 387500, NULL),
(1643, 57, 3, 4, 'p', 1044000, NULL),
(1644, 57, 3, 22, 'p', 373200, NULL),
(1645, 57, 3, 28, 'p', 504000, NULL),
(1646, 57, 3, 21, 'p', 456750, NULL),
(1647, 57, 3, 17, 'p', 440000, NULL),
(1648, 57, 3, 5, 'p', 730800, NULL),
(1649, 57, 3, 10, 'p', 191400, NULL),
(1650, 57, 3, 13, 'p', 198500, NULL),
(1651, 57, 3, 8, 'p', 209500, NULL),
(1652, 57, 3, 3, 'p', 0, NULL),
(1653, 57, 3, 9, 'p', 191400, NULL),
(1654, 58, 3, 11, 'p', 506000, NULL),
(1655, 58, 3, 23, 'p', 639450, NULL),
(1656, 58, 3, 2, 'p', 287500, NULL),
(1657, 58, 3, 19, 'p', 151200, NULL),
(1658, 58, 3, 27, 'p', 504000, NULL),
(1659, 58, 3, 7, 'p', 411075, NULL),
(1660, 58, 3, 24, 'p', 582000, NULL),
(1661, 58, 3, 20, 'p', 139500, NULL),
(1662, 58, 3, 15, 'p', 185350, NULL),
(1663, 58, 3, 29, 'p', 402500, NULL),
(1664, 58, 3, 12, 'p', 358000, NULL),
(1665, 58, 3, 16, 'p', 440000, NULL),
(1666, 58, 3, 18, 'p', 198550, NULL),
(1667, 58, 3, 25, 'p', 770400, NULL),
(1668, 58, 3, 14, 'p', 307000, NULL),
(1669, 58, 3, 1, 'p', 770400, NULL),
(1670, 58, 3, 26, 'p', 770400, NULL),
(1671, 58, 3, 6, 'p', 387500, NULL),
(1672, 58, 3, 4, 'p', 1044000, NULL),
(1673, 58, 3, 22, 'p', 373200, NULL),
(1674, 58, 3, 28, 'p', 504000, NULL),
(1675, 58, 3, 21, 'p', 456750, NULL),
(1676, 58, 3, 17, 'p', 440000, NULL),
(1677, 58, 3, 5, 'p', 730800, NULL),
(1678, 58, 3, 10, 'p', 191400, NULL),
(1679, 58, 3, 13, 'p', 198500, NULL),
(1680, 58, 3, 8, 'p', 209500, NULL),
(1681, 58, 3, 3, 'p', 0, NULL),
(1682, 58, 3, 9, 'p', 191400, NULL),
(1683, 59, 2, 11, 'p', 506000, NULL),
(1684, 59, 2, 23, 'p', 0, NULL),
(1685, 59, 2, 2, 'p', 287500, NULL),
(1686, 59, 2, 19, 'p', 151200, NULL),
(1687, 59, 2, 27, 'p', 504000, NULL),
(1688, 59, 2, 7, 'p', 0, NULL),
(1689, 59, 2, 24, 'p', 582000, NULL),
(1690, 59, 2, 20, 'p', 139500, NULL),
(1691, 59, 2, 15, 'p', 185350, NULL),
(1692, 59, 2, 29, 'p', 402500, NULL),
(1693, 59, 2, 12, 'p', 358000, NULL),
(1694, 59, 2, 16, 'p', 440000, NULL),
(1695, 59, 2, 18, 'p', 198550, NULL),
(1696, 59, 2, 25, 'p', 770400, NULL),
(1697, 59, 2, 14, 'p', 307000, NULL),
(1698, 59, 2, 1, 'p', 770400, NULL),
(1699, 59, 2, 26, 'p', 770400, NULL),
(1700, 59, 2, 6, 'p', 387500, NULL),
(1701, 59, 2, 4, 'p', 0, NULL),
(1702, 59, 2, 22, 'p', 373200, NULL),
(1703, 59, 2, 28, 'p', 504000, NULL),
(1704, 59, 2, 21, 'p', 0, NULL),
(1705, 59, 2, 17, 'p', 440000, NULL),
(1706, 59, 2, 5, 'p', 0, NULL),
(1707, 59, 2, 10, 'p', 191400, NULL),
(1708, 59, 2, 13, 'p', 198500, NULL),
(1709, 59, 2, 8, 'p', 209500, NULL),
(1710, 59, 2, 3, 'p', 0, NULL),
(1711, 59, 2, 9, 'p', 191400, NULL),
(1712, 60, 4, 11, 'p', 548500, NULL),
(1713, 60, 4, 23, 'p', 1271550, NULL),
(1714, 60, 4, 2, 'p', 365700, NULL),
(1715, 60, 4, 19, 'p', 173250, NULL),
(1716, 60, 4, 27, 'p', 582000, NULL),
(1717, 60, 4, 7, 'p', 817425, NULL),
(1718, 60, 4, 24, 'p', 582000, NULL),
(1719, 60, 4, 20, 'p', 139500, NULL),
(1720, 60, 4, 15, 'p', 185350, NULL),
(1721, 60, 4, 29, 'p', 402500, NULL),
(1722, 60, 4, 12, 'p', 358000, NULL),
(1723, 60, 4, 16, 'p', 440000, NULL),
(1724, 60, 4, 18, 'p', 198550, NULL),
(1725, 60, 4, 25, 'p', 769000, NULL),
(1726, 60, 4, 14, 'p', 319500, NULL),
(1727, 60, 4, 1, 'p', 769000, NULL),
(1728, 60, 4, 26, 'p', 769000, NULL),
(1729, 60, 4, 6, 'p', 402500, NULL),
(1730, 60, 4, 4, 'p', 2076000, NULL),
(1731, 60, 4, 22, 'p', 392200, NULL),
(1732, 60, 4, 28, 'p', 582000, NULL),
(1733, 60, 4, 21, 'p', 908250, NULL),
(1734, 60, 4, 17, 'p', 440000, NULL),
(1735, 60, 4, 5, 'p', 1453200, NULL),
(1736, 60, 4, 10, 'p', 198550, NULL),
(1737, 60, 4, 13, 'p', 198550, NULL),
(1738, 60, 4, 8, 'p', 218500, NULL),
(1739, 60, 4, 3, 'p', 0, NULL),
(1740, 60, 4, 9, 'p', 198550, NULL),
(1741, 61, 4, 11, 'p', 548500, NULL),
(1742, 61, 4, 23, 'p', 1499400, NULL),
(1743, 61, 4, 2, 'p', 365700, NULL),
(1744, 61, 4, 19, 'p', 173250, NULL),
(1745, 61, 4, 27, 'p', 582000, NULL),
(1746, 61, 4, 7, 'p', 963900, NULL),
(1747, 61, 4, 24, 'p', 582000, NULL),
(1748, 61, 4, 20, 'p', 139500, NULL),
(1749, 61, 4, 15, 'p', 185350, NULL),
(1750, 61, 4, 29, 'p', 402500, NULL),
(1751, 61, 4, 12, 'p', 358000, NULL),
(1752, 61, 4, 16, 'p', 440000, NULL),
(1753, 61, 4, 18, 'p', 198550, NULL),
(1754, 61, 4, 25, 'p', 769000, NULL),
(1755, 61, 4, 14, 'p', 319500, NULL),
(1756, 61, 4, 1, 'p', 769000, NULL),
(1757, 61, 4, 26, 'p', 769000, NULL),
(1758, 61, 4, 6, 'p', 402500, NULL),
(1759, 61, 4, 4, 'p', 2448000, NULL),
(1760, 61, 4, 22, 'p', 392200, NULL),
(1761, 61, 4, 28, 'p', 582000, NULL),
(1762, 61, 4, 21, 'p', 1071000, NULL),
(1763, 61, 4, 17, 'p', 440000, NULL),
(1764, 61, 4, 5, 'p', 1713600, NULL),
(1765, 61, 4, 10, 'p', 198550, NULL),
(1766, 61, 4, 13, 'p', 198550, NULL),
(1767, 61, 4, 8, 'p', 218500, NULL),
(1768, 61, 4, 3, 'p', 0, NULL),
(1769, 61, 4, 9, 'p', 198550, NULL),
(1770, 62, 3, 11, 'p', 506000, NULL),
(1771, 62, 3, 23, 'p', 0, NULL),
(1772, 62, 3, 2, 'p', 287500, NULL),
(1773, 62, 3, 19, 'p', 151200, NULL),
(1774, 62, 3, 27, 'p', 504000, NULL),
(1775, 62, 3, 7, 'p', 0, NULL),
(1776, 62, 3, 24, 'p', 582000, NULL),
(1777, 62, 3, 20, 'p', 139500, NULL),
(1778, 62, 3, 15, 'p', 185350, NULL),
(1779, 62, 3, 29, 'p', 402500, NULL),
(1780, 62, 3, 12, 'p', 358000, NULL),
(1781, 62, 3, 16, 'p', 440000, NULL),
(1782, 62, 3, 18, 'p', 198550, NULL),
(1783, 62, 3, 25, 'p', 770400, NULL),
(1784, 62, 3, 14, 'p', 307000, NULL),
(1785, 62, 3, 1, 'p', 770400, NULL),
(1786, 62, 3, 26, 'p', 770400, NULL),
(1787, 62, 3, 6, 'p', 387500, NULL),
(1788, 62, 3, 4, 'p', 0, NULL),
(1789, 62, 3, 22, 'p', 373200, NULL),
(1790, 62, 3, 28, 'p', 504000, NULL),
(1791, 62, 3, 21, 'p', 0, NULL),
(1792, 62, 3, 17, 'p', 440000, NULL),
(1793, 62, 3, 5, 'p', 0, NULL),
(1794, 62, 3, 10, 'p', 191400, NULL),
(1795, 62, 3, 13, 'p', 198500, NULL),
(1796, 62, 3, 8, 'p', 209500, NULL),
(1797, 62, 3, 3, 'p', 0, NULL),
(1798, 62, 3, 9, 'p', 191400, NULL),
(1799, 63, 4, 11, 'p', 548500, NULL),
(1800, 63, 4, 23, 'p', 2388750, NULL),
(1801, 63, 4, 2, 'p', 365700, NULL),
(1802, 63, 4, 19, 'p', 173250, NULL),
(1803, 63, 4, 27, 'p', 582000, NULL),
(1804, 63, 4, 7, 'p', 1535625, NULL),
(1805, 63, 4, 24, 'p', 582000, NULL),
(1806, 63, 4, 20, 'p', 139500, NULL),
(1807, 63, 4, 15, 'p', 185350, NULL),
(1808, 63, 4, 29, 'p', 402500, NULL),
(1809, 63, 4, 12, 'p', 358000, NULL),
(1810, 63, 4, 16, 'p', 440000, NULL),
(1811, 63, 4, 18, 'p', 198550, NULL),
(1812, 63, 4, 25, 'p', 769000, NULL),
(1813, 63, 4, 14, 'p', 319500, NULL),
(1814, 63, 4, 1, 'p', 769000, NULL),
(1815, 63, 4, 26, 'p', 769000, NULL),
(1816, 63, 4, 6, 'p', 402500, NULL),
(1817, 63, 4, 4, 'p', 3900000, NULL),
(1818, 63, 4, 22, 'p', 392200, NULL),
(1819, 63, 4, 28, 'p', 582000, NULL),
(1820, 63, 4, 21, 'p', 1706250, NULL),
(1821, 63, 4, 17, 'p', 440000, NULL),
(1822, 63, 4, 5, 'p', 2730000, NULL),
(1823, 63, 4, 10, 'p', 198550, NULL),
(1824, 63, 4, 13, 'p', 198550, NULL),
(1825, 63, 4, 8, 'p', 218500, NULL),
(1826, 63, 4, 3, 'p', 0, NULL),
(1827, 63, 4, 9, 'p', 198550, NULL),
(1828, 64, 3, 11, 'p', 506000, NULL),
(1829, 64, 3, 23, 'p', 624750, NULL),
(1830, 64, 3, 2, 'p', 287500, NULL),
(1831, 64, 3, 19, 'p', 151200, NULL),
(1832, 64, 3, 27, 'p', 504000, NULL),
(1833, 64, 3, 7, 'p', 401625, NULL),
(1834, 64, 3, 24, 'p', 504000, NULL),
(1835, 64, 3, 20, 'p', 140400, NULL),
(1836, 64, 3, 15, 'p', 170500, NULL),
(1837, 64, 3, 29, 'p', 386500, NULL),
(1838, 64, 3, 12, 'p', 341500, NULL),
(1839, 64, 3, 16, 'p', 440000, NULL),
(1840, 64, 3, 18, 'p', 191400, NULL),
(1841, 64, 3, 25, 'p', 770400, NULL),
(1842, 64, 3, 14, 'p', 307000, NULL),
(1843, 64, 3, 1, 'p', 770400, NULL),
(1844, 64, 3, 26, 'p', 770400, NULL),
(1845, 64, 3, 6, 'p', 387500, NULL),
(1846, 64, 3, 4, 'p', 1020000, NULL),
(1847, 64, 3, 22, 'p', 373200, NULL),
(1848, 64, 3, 28, 'p', 504000, NULL),
(1849, 64, 3, 21, 'p', 446250, NULL),
(1850, 64, 3, 17, 'p', 440000, NULL),
(1851, 64, 3, 5, 'p', 714000, NULL),
(1852, 64, 3, 10, 'p', 191400, NULL),
(1853, 64, 3, 13, 'p', 198500, NULL),
(1854, 64, 3, 8, 'p', 209500, NULL),
(1855, 64, 3, 3, 'p', 0, NULL),
(1856, 64, 3, 9, 'p', 191400, NULL),
(1857, 65, 8, 11, 'p', 198700, NULL),
(1858, 65, 8, 23, 'p', 418950, NULL),
(1859, 65, 8, 2, 'p', 114000, NULL),
(1860, 65, 8, 19, 'p', 49500, NULL),
(1861, 65, 8, 27, 'p', 142000, NULL),
(1862, 65, 8, 7, 'p', 269325, NULL),
(1863, 65, 8, 24, 'p', 142200, NULL),
(1864, 65, 8, 20, 'p', 32700, NULL),
(1865, 65, 8, 15, 'p', 58500, NULL),
(1866, 65, 8, 29, 'p', 137500, NULL),
(1867, 65, 8, 12, 'p', 131000, NULL),
(1868, 65, 8, 16, 'p', 94600, NULL),
(1869, 65, 8, 18, 'p', 60500, NULL),
(1870, 65, 8, 25, 'p', 161500, NULL),
(1871, 65, 8, 14, 'p', 121500, NULL),
(1872, 65, 8, 1, 'p', 161500, NULL),
(1873, 65, 8, 26, 'p', 161500, NULL),
(1874, 65, 8, 6, 'p', 133000, NULL),
(1875, 65, 8, 4, 'p', 684000, NULL),
(1876, 65, 8, 22, 'p', 125500, NULL),
(1877, 65, 8, 28, 'p', 142000, NULL),
(1878, 65, 8, 21, 'p', 299250, NULL),
(1879, 65, 8, 17, 'p', 94600, NULL),
(1880, 65, 8, 5, 'p', 478800, NULL),
(1881, 65, 8, 10, 'p', 60500, NULL),
(1882, 65, 8, 13, 'p', 63500, NULL),
(1883, 65, 8, 8, 'p', 77000, NULL),
(1884, 65, 8, 3, 'p', 0, NULL),
(1885, 65, 8, 9, 'p', 60500, NULL),
(1886, 66, 8, 11, 'p', 198700, NULL),
(1887, 66, 8, 23, 'p', 418950, NULL),
(1888, 66, 8, 2, 'p', 114000, NULL),
(1889, 66, 8, 19, 'p', 49500, NULL),
(1890, 66, 8, 27, 'p', 142000, NULL),
(1891, 66, 8, 7, 'p', 269325, NULL),
(1892, 66, 8, 24, 'p', 142200, NULL),
(1893, 66, 8, 20, 'p', 32700, NULL),
(1894, 66, 8, 15, 'p', 58500, NULL),
(1895, 66, 8, 29, 'p', 137500, NULL),
(1896, 66, 8, 12, 'p', 131000, NULL),
(1897, 66, 8, 16, 'p', 94600, NULL),
(1898, 66, 8, 18, 'p', 60500, NULL),
(1899, 66, 8, 25, 'p', 161500, NULL),
(1900, 66, 8, 14, 'p', 121500, NULL),
(1901, 66, 8, 1, 'p', 161500, NULL),
(1902, 66, 8, 26, 'p', 161500, NULL),
(1903, 66, 8, 6, 'p', 133000, NULL),
(1904, 66, 8, 4, 'p', 684000, NULL),
(1905, 66, 8, 22, 'p', 125500, NULL),
(1906, 66, 8, 28, 'p', 142000, NULL),
(1907, 66, 8, 21, 'p', 299250, NULL),
(1908, 66, 8, 17, 'p', 94600, NULL),
(1909, 66, 8, 5, 'p', 478800, NULL),
(1910, 66, 8, 10, 'p', 60500, NULL),
(1911, 66, 8, 13, 'p', 63500, NULL),
(1912, 66, 8, 8, 'p', 77000, NULL),
(1913, 66, 8, 3, 'p', 0, NULL),
(1914, 66, 8, 9, 'p', 60500, NULL),
(1915, 67, 8, 11, 'p', 198700, NULL),
(1916, 67, 8, 23, 'p', 418950, NULL),
(1917, 67, 8, 2, 'p', 114000, NULL),
(1918, 67, 8, 19, 'p', 49500, NULL),
(1919, 67, 8, 27, 'p', 142000, NULL),
(1920, 67, 8, 7, 'p', 269325, NULL),
(1921, 67, 8, 24, 'p', 142200, NULL),
(1922, 67, 8, 20, 'p', 32700, NULL),
(1923, 67, 8, 15, 'p', 58500, NULL),
(1924, 67, 8, 29, 'p', 137500, NULL),
(1925, 67, 8, 12, 'p', 131000, NULL),
(1926, 67, 8, 16, 'p', 94600, NULL),
(1927, 67, 8, 18, 'p', 60500, NULL),
(1928, 67, 8, 25, 'p', 161500, NULL),
(1929, 67, 8, 14, 'p', 121500, NULL),
(1930, 67, 8, 1, 'p', 161500, NULL),
(1931, 67, 8, 26, 'p', 161500, NULL),
(1932, 67, 8, 6, 'p', 133000, NULL),
(1933, 67, 8, 4, 'p', 684000, NULL),
(1934, 67, 8, 22, 'p', 125500, NULL),
(1935, 67, 8, 28, 'p', 142000, NULL),
(1936, 67, 8, 21, 'p', 299250, NULL),
(1937, 67, 8, 17, 'p', 94600, NULL),
(1938, 67, 8, 5, 'p', 478800, NULL),
(1939, 67, 8, 10, 'p', 60500, NULL),
(1940, 67, 8, 13, 'p', 63500, NULL),
(1941, 67, 8, 8, 'p', 77000, NULL),
(1942, 67, 8, 3, 'p', 0, NULL),
(1943, 67, 8, 9, 'p', 60500, NULL),
(1944, 68, 8, 11, 'p', 198700, NULL),
(1945, 68, 8, 23, 'p', 418950, NULL),
(1946, 68, 8, 2, 'p', 114000, NULL),
(1947, 68, 8, 19, 'p', 49500, NULL),
(1948, 68, 8, 27, 'p', 142000, NULL),
(1949, 68, 8, 7, 'p', 269325, NULL),
(1950, 68, 8, 24, 'p', 142200, NULL),
(1951, 68, 8, 20, 'p', 32700, NULL),
(1952, 68, 8, 15, 'p', 58500, NULL),
(1953, 68, 8, 29, 'p', 137500, NULL),
(1954, 68, 8, 12, 'p', 131000, NULL),
(1955, 68, 8, 16, 'p', 94600, NULL),
(1956, 68, 8, 18, 'p', 60500, NULL),
(1957, 68, 8, 25, 'p', 161500, NULL),
(1958, 68, 8, 14, 'p', 121500, NULL),
(1959, 68, 8, 1, 'p', 161500, NULL),
(1960, 68, 8, 26, 'p', 161500, NULL),
(1961, 68, 8, 6, 'p', 133000, NULL),
(1962, 68, 8, 4, 'p', 684000, NULL),
(1963, 68, 8, 22, 'p', 125500, NULL),
(1964, 68, 8, 28, 'p', 142000, NULL),
(1965, 68, 8, 21, 'p', 299250, NULL),
(1966, 68, 8, 17, 'p', 94600, NULL),
(1967, 68, 8, 5, 'p', 478800, NULL),
(1968, 68, 8, 10, 'p', 60500, NULL),
(1969, 68, 8, 13, 'p', 63500, NULL),
(1970, 68, 8, 8, 'p', 77000, NULL),
(1971, 68, 8, 3, 'p', 0, NULL),
(1972, 68, 8, 9, 'p', 60500, NULL),
(1973, 69, 8, 11, 'p', 198700, NULL),
(1974, 69, 8, 23, 'p', 418950, NULL),
(1975, 69, 8, 2, 'p', 114000, NULL),
(1976, 69, 8, 19, 'p', 49500, NULL),
(1977, 69, 8, 27, 'p', 142000, NULL),
(1978, 69, 8, 7, 'p', 269325, NULL),
(1979, 69, 8, 24, 'p', 142200, NULL),
(1980, 69, 8, 20, 'p', 32700, NULL),
(1981, 69, 8, 15, 'p', 58500, NULL),
(1982, 69, 8, 29, 'p', 137500, NULL),
(1983, 69, 8, 12, 'p', 131000, NULL),
(1984, 69, 8, 16, 'p', 94600, NULL),
(1985, 69, 8, 18, 'p', 60500, NULL),
(1986, 69, 8, 25, 'p', 161500, NULL),
(1987, 69, 8, 14, 'p', 121500, NULL),
(1988, 69, 8, 1, 'p', 161500, NULL),
(1989, 69, 8, 26, 'p', 161500, NULL),
(1990, 69, 8, 6, 'p', 133000, NULL),
(1991, 69, 8, 4, 'p', 684000, NULL),
(1992, 69, 8, 22, 'p', 125500, NULL),
(1993, 69, 8, 28, 'p', 142000, NULL),
(1994, 69, 8, 21, 'p', 299250, NULL),
(1995, 69, 8, 17, 'p', 94600, NULL),
(1996, 69, 8, 5, 'p', 478800, NULL),
(1997, 69, 8, 10, 'p', 60500, NULL),
(1998, 69, 8, 13, 'p', 63500, NULL),
(1999, 69, 8, 8, 'p', 77000, NULL),
(2000, 69, 8, 3, 'p', 0, NULL),
(2001, 69, 8, 9, 'p', 60500, NULL),
(2002, 70, 8, 11, 'p', 198700, NULL),
(2003, 70, 8, 23, 'p', 323400, NULL),
(2004, 70, 8, 2, 'p', 114000, NULL),
(2005, 70, 8, 19, 'p', 49500, NULL),
(2006, 70, 8, 27, 'p', 142000, NULL),
(2007, 70, 8, 7, 'p', 207900, NULL),
(2008, 70, 8, 24, 'p', 142200, NULL),
(2009, 70, 8, 20, 'p', 32700, NULL),
(2010, 70, 8, 15, 'p', 58500, NULL),
(2011, 70, 8, 29, 'p', 137500, NULL),
(2012, 70, 8, 12, 'p', 131000, NULL),
(2013, 70, 8, 16, 'p', 94600, NULL),
(2014, 70, 8, 18, 'p', 60500, NULL),
(2015, 70, 8, 25, 'p', 161500, NULL),
(2016, 70, 8, 14, 'p', 121500, NULL),
(2017, 70, 8, 1, 'p', 161500, NULL),
(2018, 70, 8, 26, 'p', 161500, NULL),
(2019, 70, 8, 6, 'p', 133000, NULL),
(2020, 70, 8, 4, 'p', 528000, NULL),
(2021, 70, 8, 22, 'p', 125500, NULL),
(2022, 70, 8, 28, 'p', 142000, NULL),
(2023, 70, 8, 21, 'p', 231000, NULL),
(2024, 70, 8, 17, 'p', 94600, NULL),
(2025, 70, 8, 5, 'p', 369600, NULL),
(2026, 70, 8, 10, 'p', 60500, NULL),
(2027, 70, 8, 13, 'p', 63500, NULL),
(2028, 70, 8, 8, 'p', 77000, NULL),
(2029, 70, 8, 3, 'p', 0, NULL),
(2030, 70, 8, 9, 'p', 60500, NULL),
(2031, 71, 8, 11, 'p', 198700, NULL),
(2032, 71, 8, 23, 'p', 543900, NULL),
(2033, 71, 8, 2, 'p', 114000, NULL),
(2034, 71, 8, 19, 'p', 49500, NULL),
(2035, 71, 8, 27, 'p', 142000, NULL),
(2036, 71, 8, 7, 'p', 349650, NULL),
(2037, 71, 8, 24, 'p', 142200, NULL),
(2038, 71, 8, 20, 'p', 32700, NULL),
(2039, 71, 8, 15, 'p', 58500, NULL),
(2040, 71, 8, 29, 'p', 137500, NULL),
(2041, 71, 8, 12, 'p', 131000, NULL),
(2042, 71, 8, 16, 'p', 94600, NULL),
(2043, 71, 8, 18, 'p', 60500, NULL),
(2044, 71, 8, 25, 'p', 161500, NULL),
(2045, 71, 8, 14, 'p', 121500, NULL),
(2046, 71, 8, 1, 'p', 161500, NULL),
(2047, 71, 8, 26, 'p', 161500, NULL),
(2048, 71, 8, 6, 'p', 133000, NULL),
(2049, 71, 8, 4, 'p', 888000, NULL),
(2050, 71, 8, 22, 'p', 125500, NULL),
(2051, 71, 8, 28, 'p', 142000, NULL),
(2052, 71, 8, 21, 'p', 388500, NULL),
(2053, 71, 8, 17, 'p', 94600, NULL),
(2054, 71, 8, 5, 'p', 621600, NULL),
(2055, 71, 8, 10, 'p', 60500, NULL),
(2056, 71, 8, 13, 'p', 63500, NULL),
(2057, 71, 8, 8, 'p', 77000, NULL),
(2058, 71, 8, 3, 'p', 0, NULL),
(2059, 71, 8, 9, 'p', 60500, NULL),
(2060, 72, 8, 11, 'p', 198700, NULL),
(2061, 72, 8, 23, 'p', 543900, NULL),
(2062, 72, 8, 2, 'p', 114000, NULL),
(2063, 72, 8, 19, 'p', 49500, NULL),
(2064, 72, 8, 27, 'p', 142000, NULL),
(2065, 72, 8, 7, 'p', 349650, NULL),
(2066, 72, 8, 24, 'p', 142200, NULL),
(2067, 72, 8, 20, 'p', 32700, NULL),
(2068, 72, 8, 15, 'p', 58500, NULL),
(2069, 72, 8, 29, 'p', 137500, NULL),
(2070, 72, 8, 12, 'p', 131000, NULL),
(2071, 72, 8, 16, 'p', 94600, NULL),
(2072, 72, 8, 18, 'p', 60500, NULL),
(2073, 72, 8, 25, 'p', 161500, NULL),
(2074, 72, 8, 14, 'p', 121500, NULL),
(2075, 72, 8, 1, 'p', 161500, NULL),
(2076, 72, 8, 26, 'p', 161500, NULL),
(2077, 72, 8, 6, 'p', 133000, NULL),
(2078, 72, 8, 4, 'p', 888000, NULL),
(2079, 72, 8, 22, 'p', 125500, NULL),
(2080, 72, 8, 28, 'p', 142000, NULL),
(2081, 72, 8, 21, 'p', 388500, NULL),
(2082, 72, 8, 17, 'p', 94600, NULL),
(2083, 72, 8, 5, 'p', 621600, NULL),
(2084, 72, 8, 10, 'p', 60500, NULL),
(2085, 72, 8, 13, 'p', 63500, NULL),
(2086, 72, 8, 8, 'p', 77000, NULL),
(2087, 72, 8, 3, 'p', 0, NULL),
(2088, 72, 8, 9, 'p', 60500, NULL),
(2089, 73, 8, 11, 'p', 198700, NULL),
(2090, 73, 8, 23, 'p', 529200, NULL),
(2091, 73, 8, 2, 'p', 114000, NULL),
(2092, 73, 8, 19, 'p', 49500, NULL),
(2093, 73, 8, 27, 'p', 142000, NULL),
(2094, 73, 8, 7, 'p', 340200, NULL),
(2095, 73, 8, 24, 'p', 142200, NULL),
(2096, 73, 8, 20, 'p', 32700, NULL),
(2097, 73, 8, 15, 'p', 58500, NULL),
(2098, 73, 8, 29, 'p', 137500, NULL),
(2099, 73, 8, 12, 'p', 131000, NULL),
(2100, 73, 8, 16, 'p', 94600, NULL),
(2101, 73, 8, 18, 'p', 60500, NULL),
(2102, 73, 8, 25, 'p', 161500, NULL),
(2103, 73, 8, 14, 'p', 121500, NULL),
(2104, 73, 8, 1, 'p', 161500, NULL),
(2105, 73, 8, 26, 'p', 161500, NULL),
(2106, 73, 8, 6, 'p', 133000, NULL),
(2107, 73, 8, 4, 'p', 864000, NULL),
(2108, 73, 8, 22, 'p', 125500, NULL),
(2109, 73, 8, 28, 'p', 142000, NULL),
(2110, 73, 8, 21, 'p', 378000, NULL),
(2111, 73, 8, 17, 'p', 94600, NULL),
(2112, 73, 8, 5, 'p', 604800, NULL),
(2113, 73, 8, 10, 'p', 60500, NULL),
(2114, 73, 8, 13, 'p', 63500, NULL),
(2115, 73, 8, 8, 'p', 77000, NULL),
(2116, 73, 8, 3, 'p', 0, NULL),
(2117, 73, 8, 9, 'p', 60500, NULL),
(2118, 74, 8, 11, 'p', 198700, NULL),
(2119, 74, 8, 23, 'p', 529200, NULL),
(2120, 74, 8, 2, 'p', 114000, NULL),
(2121, 74, 8, 19, 'p', 49500, NULL),
(2122, 74, 8, 27, 'p', 142000, NULL),
(2123, 74, 8, 7, 'p', 340200, NULL),
(2124, 74, 8, 24, 'p', 142200, NULL),
(2125, 74, 8, 20, 'p', 32700, NULL),
(2126, 74, 8, 15, 'p', 58500, NULL),
(2127, 74, 8, 29, 'p', 137500, NULL),
(2128, 74, 8, 12, 'p', 131000, NULL),
(2129, 74, 8, 16, 'p', 94600, NULL),
(2130, 74, 8, 18, 'p', 60500, NULL),
(2131, 74, 8, 25, 'p', 161500, NULL),
(2132, 74, 8, 14, 'p', 121500, NULL),
(2133, 74, 8, 1, 'p', 161500, NULL),
(2134, 74, 8, 26, 'p', 161500, NULL),
(2135, 74, 8, 6, 'p', 133000, NULL),
(2136, 74, 8, 4, 'p', 864000, NULL),
(2137, 74, 8, 22, 'p', 125500, NULL),
(2138, 74, 8, 28, 'p', 142000, NULL),
(2139, 74, 8, 21, 'p', 378000, NULL),
(2140, 74, 8, 17, 'p', 94600, NULL),
(2141, 74, 8, 5, 'p', 604800, NULL),
(2142, 74, 8, 10, 'p', 60500, NULL),
(2143, 74, 8, 13, 'p', 63500, NULL),
(2144, 74, 8, 8, 'p', 77000, NULL),
(2145, 74, 8, 3, 'p', 0, NULL),
(2146, 74, 8, 9, 'p', 60500, NULL),
(2147, 75, 8, 11, 'p', 198700, NULL),
(2148, 75, 8, 23, 'p', 529200, NULL),
(2149, 75, 8, 2, 'p', 114000, NULL),
(2150, 75, 8, 19, 'p', 49500, NULL),
(2151, 75, 8, 27, 'p', 142000, NULL),
(2152, 75, 8, 7, 'p', 340200, NULL),
(2153, 75, 8, 24, 'p', 142200, NULL),
(2154, 75, 8, 20, 'p', 32700, NULL),
(2155, 75, 8, 15, 'p', 58500, NULL),
(2156, 75, 8, 29, 'p', 137500, NULL),
(2157, 75, 8, 12, 'p', 131000, NULL),
(2158, 75, 8, 16, 'p', 94600, NULL),
(2159, 75, 8, 18, 'p', 60500, NULL),
(2160, 75, 8, 25, 'p', 161500, NULL),
(2161, 75, 8, 14, 'p', 121500, NULL),
(2162, 75, 8, 1, 'p', 161500, NULL),
(2163, 75, 8, 26, 'p', 161500, NULL),
(2164, 75, 8, 6, 'p', 133000, NULL),
(2165, 75, 8, 4, 'p', 864000, NULL),
(2166, 75, 8, 22, 'p', 125500, NULL),
(2167, 75, 8, 28, 'p', 142000, NULL),
(2168, 75, 8, 21, 'p', 378000, NULL),
(2169, 75, 8, 17, 'p', 94600, NULL),
(2170, 75, 8, 5, 'p', 604800, NULL),
(2171, 75, 8, 10, 'p', 60500, NULL),
(2172, 75, 8, 13, 'p', 63500, NULL),
(2173, 75, 8, 8, 'p', 77000, NULL),
(2174, 75, 8, 3, 'p', 0, NULL),
(2175, 75, 8, 9, 'p', 60500, NULL),
(2176, 76, 8, 11, 'p', 198700, NULL),
(2177, 76, 8, 23, 'p', 169050, NULL),
(2178, 76, 8, 2, 'p', 114000, NULL),
(2179, 76, 8, 19, 'p', 49500, NULL),
(2180, 76, 8, 27, 'p', 142000, NULL),
(2181, 76, 8, 7, 'p', 108675, NULL),
(2182, 76, 8, 24, 'p', 142200, NULL),
(2183, 76, 8, 20, 'p', 32700, NULL),
(2184, 76, 8, 15, 'p', 58500, NULL),
(2185, 76, 8, 29, 'p', 137500, NULL),
(2186, 76, 8, 12, 'p', 131000, NULL),
(2187, 76, 8, 16, 'p', 94600, NULL),
(2188, 76, 8, 18, 'p', 60500, NULL),
(2189, 76, 8, 25, 'p', 161500, NULL),
(2190, 76, 8, 14, 'p', 121500, NULL),
(2191, 76, 8, 1, 'p', 161500, NULL),
(2192, 76, 8, 26, 'p', 161500, NULL),
(2193, 76, 8, 6, 'p', 133000, NULL),
(2194, 76, 8, 4, 'p', 276000, NULL),
(2195, 76, 8, 22, 'p', 125500, NULL),
(2196, 76, 8, 28, 'p', 142000, NULL),
(2197, 76, 8, 21, 'p', 120750, NULL),
(2198, 76, 8, 17, 'p', 94600, NULL),
(2199, 76, 8, 5, 'p', 193200, NULL),
(2200, 76, 8, 10, 'p', 60500, NULL),
(2201, 76, 8, 13, 'p', 63500, NULL),
(2202, 76, 8, 8, 'p', 77000, NULL),
(2203, 76, 8, 3, 'p', 0, NULL),
(2204, 76, 8, 9, 'p', 60500, NULL),
(2205, 77, 8, 11, 'p', 198700, NULL),
(2206, 77, 8, 23, 'p', 345450, NULL),
(2207, 77, 8, 2, 'p', 114000, NULL),
(2208, 77, 8, 19, 'p', 49500, NULL),
(2209, 77, 8, 27, 'p', 142000, NULL),
(2210, 77, 8, 7, 'p', 222075, NULL),
(2211, 77, 8, 24, 'p', 142200, NULL),
(2212, 77, 8, 20, 'p', 32700, NULL),
(2213, 77, 8, 15, 'p', 58500, NULL),
(2214, 77, 8, 29, 'p', 137500, NULL),
(2215, 77, 8, 12, 'p', 131000, NULL),
(2216, 77, 8, 16, 'p', 94600, NULL),
(2217, 77, 8, 18, 'p', 60500, NULL),
(2218, 77, 8, 25, 'p', 161500, NULL),
(2219, 77, 8, 14, 'p', 121500, NULL),
(2220, 77, 8, 1, 'p', 161500, NULL),
(2221, 77, 8, 26, 'p', 161500, NULL),
(2222, 77, 8, 6, 'p', 133000, NULL),
(2223, 77, 8, 4, 'p', 564000, NULL),
(2224, 77, 8, 22, 'p', 125500, NULL),
(2225, 77, 8, 28, 'p', 142000, NULL),
(2226, 77, 8, 21, 'p', 246750, NULL),
(2227, 77, 8, 17, 'p', 94600, NULL),
(2228, 77, 8, 5, 'p', 394800, NULL),
(2229, 77, 8, 10, 'p', 60500, NULL),
(2230, 77, 8, 13, 'p', 63500, NULL),
(2231, 77, 8, 8, 'p', 77000, NULL),
(2232, 77, 8, 3, 'p', 0, NULL),
(2233, 77, 8, 9, 'p', 60500, NULL),
(2234, 78, 9, 11, 'p', 182000, NULL),
(2235, 78, 9, 23, 'p', 124950, NULL),
(2236, 78, 9, 2, 'p', 38000, NULL),
(2237, 78, 9, 19, 'p', 36300, NULL),
(2238, 78, 9, 27, 'p', 49500, NULL),
(2239, 78, 9, 7, 'p', 80325, NULL),
(2240, 78, 9, 24, 'p', 49500, NULL),
(2241, 78, 9, 20, 'p', 29000, NULL),
(2242, 78, 9, 15, 'p', 39000, NULL),
(2243, 78, 9, 29, 'p', 46000, NULL),
(2244, 78, 9, 12, 'p', 85500, NULL),
(2245, 78, 9, 16, 'p', 48500, NULL),
(2246, 78, 9, 18, 'p', 40500, NULL),
(2247, 78, 9, 25, 'p', 54600, NULL),
(2248, 78, 9, 14, 'p', 58500, NULL),
(2249, 78, 9, 1, 'p', 54600, NULL),
(2250, 78, 9, 26, 'p', 54600, NULL),
(2251, 78, 9, 6, 'p', 46000, NULL),
(2252, 78, 9, 4, 'p', 204000, NULL),
(2253, 78, 9, 22, 'p', 44500, NULL),
(2254, 78, 9, 28, 'p', 49500, NULL),
(2255, 78, 9, 21, 'p', 89250, NULL),
(2256, 78, 9, 17, 'p', 48500, NULL),
(2257, 78, 9, 5, 'p', 142800, NULL),
(2258, 78, 9, 10, 'p', 40500, NULL),
(2259, 78, 9, 13, 'p', 41500, NULL),
(2260, 78, 9, 8, 'p', 55700, NULL),
(2261, 78, 9, 3, 'p', 0, NULL),
(2262, 78, 9, 9, 'p', 40500, NULL),
(2263, 79, 9, 11, 'p', 182000, NULL),
(2264, 79, 9, 23, 'p', 183750, NULL),
(2265, 79, 9, 2, 'p', 38000, NULL),
(2266, 79, 9, 19, 'p', 36300, NULL),
(2267, 79, 9, 27, 'p', 49500, NULL),
(2268, 79, 9, 7, 'p', 118125, NULL),
(2269, 79, 9, 24, 'p', 49500, NULL),
(2270, 79, 9, 20, 'p', 29000, NULL),
(2271, 79, 9, 15, 'p', 39000, NULL),
(2272, 79, 9, 29, 'p', 46000, NULL),
(2273, 79, 9, 12, 'p', 85500, NULL),
(2274, 79, 9, 16, 'p', 48500, NULL),
(2275, 79, 9, 18, 'p', 40500, NULL),
(2276, 79, 9, 25, 'p', 54600, NULL),
(2277, 79, 9, 14, 'p', 58500, NULL),
(2278, 79, 9, 1, 'p', 54600, NULL),
(2279, 79, 9, 26, 'p', 54600, NULL),
(2280, 79, 9, 6, 'p', 46000, NULL),
(2281, 79, 9, 4, 'p', 300000, NULL),
(2282, 79, 9, 22, 'p', 44500, NULL),
(2283, 79, 9, 28, 'p', 49500, NULL),
(2284, 79, 9, 21, 'p', 131250, NULL),
(2285, 79, 9, 17, 'p', 48500, NULL),
(2286, 79, 9, 5, 'p', 210000, NULL),
(2287, 79, 9, 10, 'p', 40500, NULL),
(2288, 79, 9, 13, 'p', 41500, NULL),
(2289, 79, 9, 8, 'p', 55700, NULL),
(2290, 79, 9, 3, 'p', 0, NULL),
(2291, 79, 9, 9, 'p', 40500, NULL),
(2292, 80, 8, 11, 'p', 198700, NULL),
(2293, 80, 8, 23, 'p', 88200, NULL),
(2294, 80, 8, 2, 'p', 114000, NULL),
(2295, 80, 8, 19, 'p', 49500, NULL),
(2296, 80, 8, 27, 'p', 142000, NULL),
(2297, 80, 8, 7, 'p', 56700, NULL),
(2298, 80, 8, 24, 'p', 142200, NULL),
(2299, 80, 8, 20, 'p', 32700, NULL),
(2300, 80, 8, 15, 'p', 58500, NULL),
(2301, 80, 8, 29, 'p', 137500, NULL),
(2302, 80, 8, 12, 'p', 131000, NULL),
(2303, 80, 8, 16, 'p', 94600, NULL),
(2304, 80, 8, 18, 'p', 60500, NULL),
(2305, 80, 8, 25, 'p', 161500, NULL),
(2306, 80, 8, 14, 'p', 121500, NULL),
(2307, 80, 8, 1, 'p', 161500, NULL),
(2308, 80, 8, 26, 'p', 161500, NULL),
(2309, 80, 8, 6, 'p', 133000, NULL),
(2310, 80, 8, 4, 'p', 144000, NULL),
(2311, 80, 8, 22, 'p', 125500, NULL),
(2312, 80, 8, 28, 'p', 142000, NULL),
(2313, 80, 8, 21, 'p', 63000, NULL),
(2314, 80, 8, 17, 'p', 94600, NULL),
(2315, 80, 8, 5, 'p', 100800, NULL),
(2316, 80, 8, 10, 'p', 60500, NULL),
(2317, 80, 8, 13, 'p', 63500, NULL),
(2318, 80, 8, 8, 'p', 77000, NULL),
(2319, 80, 8, 3, 'p', 0, NULL),
(2320, 80, 8, 9, 'p', 60500, NULL),
(2321, 81, 9, 11, 'p', 182000, NULL),
(2322, 81, 9, 23, 'p', 95550, NULL),
(2323, 81, 9, 2, 'p', 38000, NULL),
(2324, 81, 9, 19, 'p', 36300, NULL),
(2325, 81, 9, 27, 'p', 49500, NULL),
(2326, 81, 9, 7, 'p', 61425, NULL),
(2327, 81, 9, 24, 'p', 49500, NULL),
(2328, 81, 9, 20, 'p', 29000, NULL),
(2329, 81, 9, 15, 'p', 39000, NULL),
(2330, 81, 9, 29, 'p', 46000, NULL),
(2331, 81, 9, 12, 'p', 85500, NULL),
(2332, 81, 9, 16, 'p', 48500, NULL),
(2333, 81, 9, 18, 'p', 40500, NULL),
(2334, 81, 9, 25, 'p', 54600, NULL),
(2335, 81, 9, 14, 'p', 58500, NULL),
(2336, 81, 9, 1, 'p', 54600, NULL),
(2337, 81, 9, 26, 'p', 54600, NULL),
(2338, 81, 9, 6, 'p', 46000, NULL),
(2339, 81, 9, 4, 'p', 156000, NULL),
(2340, 81, 9, 22, 'p', 44500, NULL),
(2341, 81, 9, 28, 'p', 49500, NULL),
(2342, 81, 9, 21, 'p', 68250, NULL),
(2343, 81, 9, 17, 'p', 48500, NULL),
(2344, 81, 9, 5, 'p', 109200, NULL),
(2345, 81, 9, 10, 'p', 40500, NULL),
(2346, 81, 9, 13, 'p', 41500, NULL),
(2347, 81, 9, 8, 'p', 55700, NULL),
(2348, 81, 9, 3, 'p', 0, NULL),
(2349, 81, 9, 9, 'p', 40500, NULL),
(2350, 82, 9, 11, 'p', 182000, NULL),
(2351, 82, 9, 23, 'p', 95550, NULL),
(2352, 82, 9, 2, 'p', 38000, NULL),
(2353, 82, 9, 19, 'p', 36300, NULL),
(2354, 82, 9, 27, 'p', 49500, NULL),
(2355, 82, 9, 7, 'p', 61425, NULL),
(2356, 82, 9, 24, 'p', 49500, NULL),
(2357, 82, 9, 20, 'p', 29000, NULL),
(2358, 82, 9, 15, 'p', 39000, NULL),
(2359, 82, 9, 29, 'p', 46000, NULL),
(2360, 82, 9, 12, 'p', 85500, NULL),
(2361, 82, 9, 16, 'p', 48500, NULL),
(2362, 82, 9, 18, 'p', 40500, NULL),
(2363, 82, 9, 25, 'p', 54600, NULL),
(2364, 82, 9, 14, 'p', 58500, NULL),
(2365, 82, 9, 1, 'p', 54600, NULL),
(2366, 82, 9, 26, 'p', 54600, NULL),
(2367, 82, 9, 6, 'p', 46000, NULL),
(2368, 82, 9, 4, 'p', 156000, NULL),
(2369, 82, 9, 22, 'p', 44500, NULL),
(2370, 82, 9, 28, 'p', 49500, NULL),
(2371, 82, 9, 21, 'p', 68250, NULL),
(2372, 82, 9, 17, 'p', 48500, NULL),
(2373, 82, 9, 5, 'p', 109200, NULL),
(2374, 82, 9, 10, 'p', 40500, NULL),
(2375, 82, 9, 13, 'p', 41500, NULL),
(2376, 82, 9, 8, 'p', 55700, NULL),
(2377, 82, 9, 3, 'p', 0, NULL),
(2378, 82, 9, 9, 'p', 40500, NULL),
(2379, 83, 9, 11, 'p', 182000, NULL),
(2380, 83, 9, 23, 'p', 117600, NULL),
(2381, 83, 9, 2, 'p', 38000, NULL),
(2382, 83, 9, 19, 'p', 36300, NULL),
(2383, 83, 9, 27, 'p', 49500, NULL),
(2384, 83, 9, 7, 'p', 75600, NULL),
(2385, 83, 9, 24, 'p', 49500, NULL),
(2386, 83, 9, 20, 'p', 29000, NULL),
(2387, 83, 9, 15, 'p', 39000, NULL),
(2388, 83, 9, 29, 'p', 46000, NULL),
(2389, 83, 9, 12, 'p', 85500, NULL),
(2390, 83, 9, 16, 'p', 48500, NULL),
(2391, 83, 9, 18, 'p', 40500, NULL),
(2392, 83, 9, 25, 'p', 54600, NULL),
(2393, 83, 9, 14, 'p', 58500, NULL),
(2394, 83, 9, 1, 'p', 54600, NULL),
(2395, 83, 9, 26, 'p', 54600, NULL),
(2396, 83, 9, 6, 'p', 46000, NULL),
(2397, 83, 9, 4, 'p', 192000, NULL),
(2398, 83, 9, 22, 'p', 44500, NULL),
(2399, 83, 9, 28, 'p', 49500, NULL),
(2400, 83, 9, 21, 'p', 84000, NULL),
(2401, 83, 9, 17, 'p', 48500, NULL),
(2402, 83, 9, 5, 'p', 134400, NULL),
(2403, 83, 9, 10, 'p', 40500, NULL),
(2404, 83, 9, 13, 'p', 41500, NULL),
(2405, 83, 9, 8, 'p', 55700, NULL),
(2406, 83, 9, 3, 'p', 0, NULL),
(2407, 83, 9, 9, 'p', 40500, NULL),
(2408, 84, 9, 11, 'p', 182000, NULL),
(2409, 84, 9, 23, 'p', 132300, NULL),
(2410, 84, 9, 2, 'p', 38000, NULL),
(2411, 84, 9, 19, 'p', 36300, NULL),
(2412, 84, 9, 27, 'p', 49500, NULL),
(2413, 84, 9, 7, 'p', 85050, NULL),
(2414, 84, 9, 24, 'p', 49500, NULL),
(2415, 84, 9, 20, 'p', 29000, NULL),
(2416, 84, 9, 15, 'p', 39000, NULL),
(2417, 84, 9, 29, 'p', 46000, NULL),
(2418, 84, 9, 12, 'p', 85500, NULL),
(2419, 84, 9, 16, 'p', 48500, NULL),
(2420, 84, 9, 18, 'p', 40500, NULL),
(2421, 84, 9, 25, 'p', 54600, NULL),
(2422, 84, 9, 14, 'p', 58500, NULL),
(2423, 84, 9, 1, 'p', 54600, NULL),
(2424, 84, 9, 26, 'p', 54600, NULL),
(2425, 84, 9, 6, 'p', 46000, NULL),
(2426, 84, 9, 4, 'p', 216000, NULL),
(2427, 84, 9, 22, 'p', 44500, NULL),
(2428, 84, 9, 28, 'p', 49500, NULL),
(2429, 84, 9, 21, 'p', 94500, NULL),
(2430, 84, 9, 17, 'p', 48500, NULL),
(2431, 84, 9, 5, 'p', 151200, NULL),
(2432, 84, 9, 10, 'p', 40500, NULL),
(2433, 84, 9, 13, 'p', 41500, NULL),
(2434, 84, 9, 8, 'p', 55700, NULL),
(2435, 84, 9, 3, 'p', 0, NULL),
(2436, 84, 9, 9, 'p', 40500, NULL),
(2437, 85, 8, 11, 'p', 198700, NULL),
(2438, 85, 8, 23, 'p', 242550, NULL),
(2439, 85, 8, 2, 'p', 114000, NULL),
(2440, 85, 8, 19, 'p', 49500, NULL),
(2441, 85, 8, 27, 'p', 142000, NULL),
(2442, 85, 8, 7, 'p', 155925, NULL),
(2443, 85, 8, 24, 'p', 142200, NULL),
(2444, 85, 8, 20, 'p', 32700, NULL),
(2445, 85, 8, 15, 'p', 58500, NULL),
(2446, 85, 8, 29, 'p', 137500, NULL),
(2447, 85, 8, 12, 'p', 131000, NULL),
(2448, 85, 8, 16, 'p', 94600, NULL),
(2449, 85, 8, 18, 'p', 60500, NULL),
(2450, 85, 8, 25, 'p', 161500, NULL),
(2451, 85, 8, 14, 'p', 121500, NULL),
(2452, 85, 8, 1, 'p', 161500, NULL),
(2453, 85, 8, 26, 'p', 161500, NULL),
(2454, 85, 8, 6, 'p', 133000, NULL),
(2455, 85, 8, 4, 'p', 396000, NULL),
(2456, 85, 8, 22, 'p', 125500, NULL),
(2457, 85, 8, 28, 'p', 142000, NULL),
(2458, 85, 8, 21, 'p', 173250, NULL),
(2459, 85, 8, 17, 'p', 94600, NULL),
(2460, 85, 8, 5, 'p', 277200, NULL),
(2461, 85, 8, 10, 'p', 60500, NULL),
(2462, 85, 8, 13, 'p', 63500, NULL),
(2463, 85, 8, 8, 'p', 77000, NULL),
(2464, 85, 8, 3, 'p', 0, NULL),
(2465, 85, 8, 9, 'p', 60500, NULL),
(2466, 86, 8, 11, 'p', 198700, NULL),
(2467, 86, 8, 23, 'p', 132300, NULL),
(2468, 86, 8, 2, 'p', 114000, NULL),
(2469, 86, 8, 19, 'p', 49500, NULL),
(2470, 86, 8, 27, 'p', 142000, NULL),
(2471, 86, 8, 7, 'p', 85050, NULL),
(2472, 86, 8, 24, 'p', 142200, NULL),
(2473, 86, 8, 20, 'p', 32700, NULL),
(2474, 86, 8, 15, 'p', 58500, NULL),
(2475, 86, 8, 29, 'p', 137500, NULL),
(2476, 86, 8, 12, 'p', 131000, NULL),
(2477, 86, 8, 16, 'p', 94600, NULL),
(2478, 86, 8, 18, 'p', 60500, NULL),
(2479, 86, 8, 25, 'p', 161500, NULL),
(2480, 86, 8, 14, 'p', 121500, NULL),
(2481, 86, 8, 1, 'p', 161500, NULL),
(2482, 86, 8, 26, 'p', 161500, NULL),
(2483, 86, 8, 6, 'p', 133000, NULL),
(2484, 86, 8, 4, 'p', 216000, NULL),
(2485, 86, 8, 22, 'p', 125500, NULL),
(2486, 86, 8, 28, 'p', 142000, NULL),
(2487, 86, 8, 21, 'p', 94500, NULL),
(2488, 86, 8, 17, 'p', 94600, NULL),
(2489, 86, 8, 5, 'p', 151200, NULL),
(2490, 86, 8, 10, 'p', 60500, NULL),
(2491, 86, 8, 13, 'p', 63500, NULL),
(2492, 86, 8, 8, 'p', 77000, NULL),
(2493, 86, 8, 3, 'p', 0, NULL),
(2494, 86, 8, 9, 'p', 60500, NULL),
(2495, 87, 9, 11, 'p', 182000, NULL),
(2496, 87, 9, 23, 'p', 117600, NULL),
(2497, 87, 9, 2, 'p', 38000, NULL),
(2498, 87, 9, 19, 'p', 36300, NULL),
(2499, 87, 9, 27, 'p', 49500, NULL),
(2500, 87, 9, 7, 'p', 75600, NULL),
(2501, 87, 9, 24, 'p', 49500, NULL),
(2502, 87, 9, 20, 'p', 29000, NULL),
(2503, 87, 9, 15, 'p', 39000, NULL),
(2504, 87, 9, 29, 'p', 46000, NULL),
(2505, 87, 9, 12, 'p', 85500, NULL),
(2506, 87, 9, 16, 'p', 48500, NULL),
(2507, 87, 9, 18, 'p', 40500, NULL),
(2508, 87, 9, 25, 'p', 54600, NULL),
(2509, 87, 9, 14, 'p', 58500, NULL),
(2510, 87, 9, 1, 'p', 54600, NULL),
(2511, 87, 9, 26, 'p', 54600, NULL),
(2512, 87, 9, 6, 'p', 46000, NULL),
(2513, 87, 9, 4, 'p', 192000, NULL),
(2514, 87, 9, 22, 'p', 44500, NULL),
(2515, 87, 9, 28, 'p', 49500, NULL),
(2516, 87, 9, 21, 'p', 84000, NULL),
(2517, 87, 9, 17, 'p', 48500, NULL),
(2518, 87, 9, 5, 'p', 134400, NULL),
(2519, 87, 9, 10, 'p', 40500, NULL),
(2520, 87, 9, 13, 'p', 41500, NULL),
(2521, 87, 9, 8, 'p', 55700, NULL),
(2522, 87, 9, 3, 'p', 0, NULL),
(2523, 87, 9, 9, 'p', 40500, NULL),
(2524, 88, 9, 11, 'p', 182000, NULL),
(2525, 88, 9, 23, 'p', 117600, NULL),
(2526, 88, 9, 2, 'p', 38000, NULL),
(2527, 88, 9, 19, 'p', 36300, NULL),
(2528, 88, 9, 27, 'p', 49500, NULL),
(2529, 88, 9, 7, 'p', 75600, NULL),
(2530, 88, 9, 24, 'p', 49500, NULL),
(2531, 88, 9, 20, 'p', 29000, NULL),
(2532, 88, 9, 15, 'p', 39000, NULL),
(2533, 88, 9, 29, 'p', 46000, NULL),
(2534, 88, 9, 12, 'p', 85500, NULL),
(2535, 88, 9, 16, 'p', 48500, NULL),
(2536, 88, 9, 18, 'p', 40500, NULL),
(2537, 88, 9, 25, 'p', 54600, NULL),
(2538, 88, 9, 14, 'p', 58500, NULL),
(2539, 88, 9, 1, 'p', 54600, NULL),
(2540, 88, 9, 26, 'p', 54600, NULL),
(2541, 88, 9, 6, 'p', 46000, NULL),
(2542, 88, 9, 4, 'p', 192000, NULL),
(2543, 88, 9, 22, 'p', 44500, NULL),
(2544, 88, 9, 28, 'p', 49500, NULL),
(2545, 88, 9, 21, 'p', 84000, NULL),
(2546, 88, 9, 17, 'p', 48500, NULL),
(2547, 88, 9, 5, 'p', 134400, NULL),
(2548, 88, 9, 10, 'p', 40500, NULL),
(2549, 88, 9, 13, 'p', 41500, NULL),
(2550, 88, 9, 8, 'p', 55700, NULL),
(2551, 88, 9, 3, 'p', 0, NULL),
(2552, 88, 9, 9, 'p', 40500, NULL),
(2553, 89, 8, 11, 'p', 198700, NULL),
(2554, 89, 8, 23, 'p', 161700, NULL),
(2555, 89, 8, 2, 'p', 114000, NULL),
(2556, 89, 8, 19, 'p', 49500, NULL),
(2557, 89, 8, 27, 'p', 142000, NULL),
(2558, 89, 8, 7, 'p', 103950, NULL),
(2559, 89, 8, 24, 'p', 142200, NULL),
(2560, 89, 8, 20, 'p', 32700, NULL),
(2561, 89, 8, 15, 'p', 58500, NULL),
(2562, 89, 8, 29, 'p', 137500, NULL),
(2563, 89, 8, 12, 'p', 131000, NULL),
(2564, 89, 8, 16, 'p', 94600, NULL),
(2565, 89, 8, 18, 'p', 60500, NULL),
(2566, 89, 8, 25, 'p', 161500, NULL),
(2567, 89, 8, 14, 'p', 121500, NULL),
(2568, 89, 8, 1, 'p', 161500, NULL),
(2569, 89, 8, 26, 'p', 161500, NULL),
(2570, 89, 8, 6, 'p', 133000, NULL),
(2571, 89, 8, 4, 'p', 264000, NULL),
(2572, 89, 8, 22, 'p', 125500, NULL),
(2573, 89, 8, 28, 'p', 142000, NULL),
(2574, 89, 8, 21, 'p', 115500, NULL),
(2575, 89, 8, 17, 'p', 94600, NULL),
(2576, 89, 8, 5, 'p', 184800, NULL),
(2577, 89, 8, 10, 'p', 60500, NULL),
(2578, 89, 8, 13, 'p', 63500, NULL),
(2579, 89, 8, 8, 'p', 77000, NULL),
(2580, 89, 8, 3, 'p', 0, NULL),
(2581, 89, 8, 9, 'p', 60500, NULL),
(2582, 90, 8, 11, 'p', 198700, NULL),
(2583, 90, 8, 23, 'p', 29400, NULL),
(2584, 90, 8, 2, 'p', 114000, NULL),
(2585, 90, 8, 19, 'p', 49500, NULL),
(2586, 90, 8, 27, 'p', 142000, NULL),
(2587, 90, 8, 7, 'p', 18900, NULL),
(2588, 90, 8, 24, 'p', 142200, NULL),
(2589, 90, 8, 20, 'p', 32700, NULL),
(2590, 90, 8, 15, 'p', 58500, NULL),
(2591, 90, 8, 29, 'p', 137500, NULL),
(2592, 90, 8, 12, 'p', 131000, NULL),
(2593, 90, 8, 16, 'p', 94600, NULL),
(2594, 90, 8, 18, 'p', 60500, NULL),
(2595, 90, 8, 25, 'p', 161500, NULL),
(2596, 90, 8, 14, 'p', 121500, NULL),
(2597, 90, 8, 1, 'p', 161500, NULL),
(2598, 90, 8, 26, 'p', 161500, NULL),
(2599, 90, 8, 6, 'p', 133000, NULL),
(2600, 90, 8, 4, 'p', 48000, NULL),
(2601, 90, 8, 22, 'p', 125500, NULL),
(2602, 90, 8, 28, 'p', 142000, NULL),
(2603, 90, 8, 21, 'p', 21000, NULL),
(2604, 90, 8, 17, 'p', 94600, NULL),
(2605, 90, 8, 5, 'p', 33600, NULL),
(2606, 90, 8, 10, 'p', 60500, NULL),
(2607, 90, 8, 13, 'p', 63500, NULL),
(2608, 90, 8, 8, 'p', 77000, NULL),
(2609, 90, 8, 3, 'p', 0, NULL),
(2610, 90, 8, 9, 'p', 60500, NULL),
(2611, 91, 8, 11, 'p', 198700, NULL),
(2612, 91, 8, 23, 'p', 22050, NULL),
(2613, 91, 8, 2, 'p', 114000, NULL),
(2614, 91, 8, 19, 'p', 49500, NULL),
(2615, 91, 8, 27, 'p', 142000, NULL),
(2616, 91, 8, 7, 'p', 14175, NULL),
(2617, 91, 8, 24, 'p', 142200, NULL),
(2618, 91, 8, 20, 'p', 32700, NULL),
(2619, 91, 8, 15, 'p', 58500, NULL),
(2620, 91, 8, 29, 'p', 137500, NULL),
(2621, 91, 8, 12, 'p', 131000, NULL),
(2622, 91, 8, 16, 'p', 94600, NULL),
(2623, 91, 8, 18, 'p', 60500, NULL),
(2624, 91, 8, 25, 'p', 161500, NULL),
(2625, 91, 8, 14, 'p', 121500, NULL),
(2626, 91, 8, 1, 'p', 161500, NULL),
(2627, 91, 8, 26, 'p', 161500, NULL),
(2628, 91, 8, 6, 'p', 133000, NULL),
(2629, 91, 8, 4, 'p', 36000, NULL),
(2630, 91, 8, 22, 'p', 125500, NULL),
(2631, 91, 8, 28, 'p', 142000, NULL),
(2632, 91, 8, 21, 'p', 15750, NULL),
(2633, 91, 8, 17, 'p', 94600, NULL),
(2634, 91, 8, 5, 'p', 25200, NULL),
(2635, 91, 8, 10, 'p', 60500, NULL),
(2636, 91, 8, 13, 'p', 63500, NULL),
(2637, 91, 8, 8, 'p', 77000, NULL),
(2638, 91, 8, 3, 'p', 0, NULL),
(2639, 91, 8, 9, 'p', 60500, NULL),
(2640, 92, 8, 11, 'p', 198700, NULL),
(2641, 92, 8, 23, 'p', 418950, NULL),
(2642, 92, 8, 2, 'p', 114000, NULL),
(2643, 92, 8, 19, 'p', 49500, NULL),
(2644, 92, 8, 27, 'p', 142000, NULL),
(2645, 92, 8, 7, 'p', 269325, NULL),
(2646, 92, 8, 24, 'p', 142200, NULL),
(2647, 92, 8, 20, 'p', 32700, NULL),
(2648, 92, 8, 15, 'p', 58500, NULL),
(2649, 92, 8, 29, 'p', 137500, NULL),
(2650, 92, 8, 12, 'p', 131000, NULL),
(2651, 92, 8, 16, 'p', 94600, NULL),
(2652, 92, 8, 18, 'p', 60500, NULL),
(2653, 92, 8, 25, 'p', 161500, NULL),
(2654, 92, 8, 14, 'p', 121500, NULL),
(2655, 92, 8, 1, 'p', 161500, NULL),
(2656, 92, 8, 26, 'p', 161500, NULL),
(2657, 92, 8, 6, 'p', 133000, NULL),
(2658, 92, 8, 4, 'p', 684000, NULL),
(2659, 92, 8, 22, 'p', 125500, NULL),
(2660, 92, 8, 28, 'p', 142000, NULL),
(2661, 92, 8, 21, 'p', 299250, NULL),
(2662, 92, 8, 17, 'p', 94600, NULL),
(2663, 92, 8, 5, 'p', 478800, NULL),
(2664, 92, 8, 10, 'p', 60500, NULL),
(2665, 92, 8, 13, 'p', 63500, NULL),
(2666, 92, 8, 8, 'p', 77000, NULL),
(2667, 92, 8, 3, 'p', 0, NULL),
(2668, 92, 8, 9, 'p', 60500, NULL),
(2669, 93, 8, 11, 'p', 198700, NULL),
(2670, 93, 8, 23, 'p', 323400, NULL),
(2671, 93, 8, 2, 'p', 114000, NULL),
(2672, 93, 8, 19, 'p', 49500, NULL),
(2673, 93, 8, 27, 'p', 142000, NULL),
(2674, 93, 8, 7, 'p', 207900, NULL),
(2675, 93, 8, 24, 'p', 142200, NULL),
(2676, 93, 8, 20, 'p', 32700, NULL),
(2677, 93, 8, 15, 'p', 58500, NULL),
(2678, 93, 8, 29, 'p', 137500, NULL),
(2679, 93, 8, 12, 'p', 131000, NULL),
(2680, 93, 8, 16, 'p', 94600, NULL),
(2681, 93, 8, 18, 'p', 60500, NULL),
(2682, 93, 8, 25, 'p', 161500, NULL),
(2683, 93, 8, 14, 'p', 121500, NULL),
(2684, 93, 8, 1, 'p', 161500, NULL),
(2685, 93, 8, 26, 'p', 161500, NULL),
(2686, 93, 8, 6, 'p', 133000, NULL),
(2687, 93, 8, 4, 'p', 528000, NULL),
(2688, 93, 8, 22, 'p', 125500, NULL),
(2689, 93, 8, 28, 'p', 142000, NULL),
(2690, 93, 8, 21, 'p', 231000, NULL),
(2691, 93, 8, 17, 'p', 94600, NULL),
(2692, 93, 8, 5, 'p', 369600, NULL),
(2693, 93, 8, 10, 'p', 60500, NULL),
(2694, 93, 8, 13, 'p', 63500, NULL),
(2695, 93, 8, 8, 'p', 77000, NULL),
(2696, 93, 8, 3, 'p', 0, NULL),
(2697, 93, 8, 9, 'p', 60500, NULL),
(2698, 94, 9, 11, 'p', 182000, NULL),
(2699, 94, 9, 23, 'p', 44100, NULL),
(2700, 94, 9, 2, 'p', 38000, NULL),
(2701, 94, 9, 19, 'p', 36300, NULL),
(2702, 94, 9, 27, 'p', 49500, NULL),
(2703, 94, 9, 7, 'p', 28350, NULL),
(2704, 94, 9, 24, 'p', 49500, NULL),
(2705, 94, 9, 20, 'p', 29000, NULL),
(2706, 94, 9, 15, 'p', 39000, NULL),
(2707, 94, 9, 29, 'p', 46000, NULL),
(2708, 94, 9, 12, 'p', 85500, NULL),
(2709, 94, 9, 16, 'p', 48500, NULL),
(2710, 94, 9, 18, 'p', 40500, NULL),
(2711, 94, 9, 25, 'p', 54600, NULL),
(2712, 94, 9, 14, 'p', 58500, NULL),
(2713, 94, 9, 1, 'p', 54600, NULL),
(2714, 94, 9, 26, 'p', 54600, NULL),
(2715, 94, 9, 6, 'p', 46000, NULL),
(2716, 94, 9, 4, 'p', 72000, NULL),
(2717, 94, 9, 22, 'p', 44500, NULL),
(2718, 94, 9, 28, 'p', 49500, NULL),
(2719, 94, 9, 21, 'p', 31500, NULL),
(2720, 94, 9, 17, 'p', 48500, NULL),
(2721, 94, 9, 5, 'p', 50400, NULL),
(2722, 94, 9, 10, 'p', 40500, NULL),
(2723, 94, 9, 13, 'p', 41500, NULL),
(2724, 94, 9, 8, 'p', 55700, NULL),
(2725, 94, 9, 3, 'p', 0, NULL),
(2726, 94, 9, 9, 'p', 40500, NULL),
(2727, 95, 8, 11, 'p', 198700, NULL),
(2728, 95, 8, 23, 'p', 0, NULL),
(2729, 95, 8, 2, 'p', 114000, NULL),
(2730, 95, 8, 19, 'p', 49500, NULL),
(2731, 95, 8, 27, 'p', 142000, NULL),
(2732, 95, 8, 7, 'p', 0, NULL),
(2733, 95, 8, 24, 'p', 142200, NULL),
(2734, 95, 8, 20, 'p', 32700, NULL),
(2735, 95, 8, 15, 'p', 58500, NULL),
(2736, 95, 8, 29, 'p', 137500, NULL),
(2737, 95, 8, 12, 'p', 131000, NULL),
(2738, 95, 8, 16, 'p', 94600, NULL),
(2739, 95, 8, 18, 'p', 60500, NULL),
(2740, 95, 8, 25, 'p', 161500, NULL),
(2741, 95, 8, 14, 'p', 121500, NULL),
(2742, 95, 8, 1, 'p', 161500, NULL),
(2743, 95, 8, 26, 'p', 161500, NULL),
(2744, 95, 8, 6, 'p', 133000, NULL),
(2745, 95, 8, 4, 'p', 0, NULL),
(2746, 95, 8, 22, 'p', 125500, NULL),
(2747, 95, 8, 28, 'p', 142000, NULL),
(2748, 95, 8, 21, 'p', 0, NULL),
(2749, 95, 8, 17, 'p', 94600, NULL),
(2750, 95, 8, 5, 'p', 0, NULL),
(2751, 95, 8, 10, 'p', 60500, NULL),
(2752, 95, 8, 13, 'p', 63500, NULL),
(2753, 95, 8, 8, 'p', 77000, NULL),
(2754, 95, 8, 3, 'p', 0, NULL),
(2755, 95, 8, 9, 'p', 60500, NULL),
(2756, 96, 8, 11, 'p', 198700, NULL),
(2757, 96, 8, 23, 'p', 0, NULL),
(2758, 96, 8, 2, 'p', 114000, NULL),
(2759, 96, 8, 19, 'p', 49500, NULL),
(2760, 96, 8, 27, 'p', 142000, NULL),
(2761, 96, 8, 7, 'p', 0, NULL),
(2762, 96, 8, 24, 'p', 142200, NULL),
(2763, 96, 8, 20, 'p', 32700, NULL),
(2764, 96, 8, 15, 'p', 58500, NULL),
(2765, 96, 8, 29, 'p', 137500, NULL),
(2766, 96, 8, 12, 'p', 131000, NULL),
(2767, 96, 8, 16, 'p', 94600, NULL),
(2768, 96, 8, 18, 'p', 60500, NULL),
(2769, 96, 8, 25, 'p', 161500, NULL),
(2770, 96, 8, 14, 'p', 121500, NULL),
(2771, 96, 8, 1, 'p', 161500, NULL),
(2772, 96, 8, 26, 'p', 161500, NULL),
(2773, 96, 8, 6, 'p', 133000, NULL),
(2774, 96, 8, 4, 'p', 0, NULL),
(2775, 96, 8, 22, 'p', 125500, NULL),
(2776, 96, 8, 28, 'p', 142000, NULL),
(2777, 96, 8, 21, 'p', 0, NULL),
(2778, 96, 8, 17, 'p', 94600, NULL),
(2779, 96, 8, 5, 'p', 0, NULL),
(2780, 96, 8, 10, 'p', 60500, NULL),
(2781, 96, 8, 13, 'p', 63500, NULL),
(2782, 96, 8, 8, 'p', 77000, NULL),
(2783, 96, 8, 3, 'p', 0, NULL),
(2784, 96, 8, 9, 'p', 60500, NULL),
(2785, 97, 8, 11, 'p', 198700, NULL),
(2786, 97, 8, 23, 'p', 132300, NULL),
(2787, 97, 8, 2, 'p', 114000, NULL),
(2788, 97, 8, 19, 'p', 49500, NULL),
(2789, 97, 8, 27, 'p', 142000, NULL),
(2790, 97, 8, 7, 'p', 85050, NULL),
(2791, 97, 8, 24, 'p', 142200, NULL),
(2792, 97, 8, 20, 'p', 32700, NULL),
(2793, 97, 8, 15, 'p', 58500, NULL),
(2794, 97, 8, 29, 'p', 137500, NULL),
(2795, 97, 8, 12, 'p', 131000, NULL),
(2796, 97, 8, 16, 'p', 94600, NULL),
(2797, 97, 8, 18, 'p', 60500, NULL),
(2798, 97, 8, 25, 'p', 161500, NULL),
(2799, 97, 8, 14, 'p', 121500, NULL),
(2800, 97, 8, 1, 'p', 161500, NULL),
(2801, 97, 8, 26, 'p', 161500, NULL),
(2802, 97, 8, 6, 'p', 133000, NULL),
(2803, 97, 8, 4, 'p', 216000, NULL),
(2804, 97, 8, 22, 'p', 125500, NULL),
(2805, 97, 8, 28, 'p', 142000, NULL),
(2806, 97, 8, 21, 'p', 94500, NULL),
(2807, 97, 8, 17, 'p', 94600, NULL),
(2808, 97, 8, 5, 'p', 151200, NULL),
(2809, 97, 8, 10, 'p', 60500, NULL),
(2810, 97, 8, 13, 'p', 63500, NULL),
(2811, 97, 8, 8, 'p', 77000, NULL),
(2812, 97, 8, 3, 'p', 0, NULL),
(2813, 97, 8, 9, 'p', 60500, NULL),
(2814, 98, 10, 11, 'p', 110500, NULL),
(2815, 98, 10, 23, 'p', 0, NULL),
(2816, 98, 10, 2, 'p', 57500, NULL),
(2817, 98, 10, 19, 'p', 25000, NULL),
(2818, 98, 10, 27, 'p', 82500, NULL),
(2819, 98, 10, 7, 'p', 0, NULL),
(2820, 98, 10, 24, 'p', 82500, NULL),
(2821, 98, 10, 20, 'p', 24500, NULL),
(2822, 98, 10, 15, 'p', 26000, NULL),
(2823, 98, 10, 29, 'p', 69000, NULL),
(2824, 98, 10, 12, 'p', 56000, NULL),
(2825, 98, 10, 16, 'p', 34000, NULL),
(2826, 98, 10, 18, 'p', 28000, NULL),
(2827, 98, 10, 25, 'p', 94000, NULL),
(2828, 98, 10, 14, 'p', 56000, NULL),
(2829, 98, 10, 1, 'p', 94000, NULL),
(2830, 98, 10, 26, 'p', 94000, NULL),
(2831, 98, 10, 6, 'p', 69000, NULL),
(2832, 98, 10, 4, 'p', 0, NULL),
(2833, 98, 10, 22, 'p', 63500, NULL),
(2834, 98, 10, 28, 'p', 82500, NULL),
(2835, 98, 10, 21, 'p', 0, NULL),
(2836, 98, 10, 17, 'p', 34000, NULL),
(2837, 98, 10, 5, 'p', 0, NULL),
(2838, 98, 10, 10, 'p', 28000, NULL),
(2839, 98, 10, 13, 'p', 30000, NULL),
(2840, 98, 10, 8, 'p', 43500, NULL),
(2841, 98, 10, 3, 'p', 0, NULL),
(2842, 98, 10, 9, 'p', 28000, NULL),
(2843, 99, 9, 11, 'p', 182000, NULL),
(2844, 99, 9, 23, 'p', 88200, NULL),
(2845, 99, 9, 2, 'p', 38000, NULL),
(2846, 99, 9, 19, 'p', 36300, NULL),
(2847, 99, 9, 27, 'p', 49500, NULL),
(2848, 99, 9, 7, 'p', 56700, NULL),
(2849, 99, 9, 24, 'p', 49500, NULL),
(2850, 99, 9, 20, 'p', 29000, NULL),
(2851, 99, 9, 15, 'p', 39000, NULL),
(2852, 99, 9, 29, 'p', 46000, NULL),
(2853, 99, 9, 12, 'p', 85500, NULL),
(2854, 99, 9, 16, 'p', 48500, NULL),
(2855, 99, 9, 18, 'p', 40500, NULL),
(2856, 99, 9, 25, 'p', 54600, NULL),
(2857, 99, 9, 14, 'p', 58500, NULL),
(2858, 99, 9, 1, 'p', 54600, NULL),
(2859, 99, 9, 26, 'p', 54600, NULL),
(2860, 99, 9, 6, 'p', 46000, NULL),
(2861, 99, 9, 4, 'p', 144000, NULL),
(2862, 99, 9, 22, 'p', 44500, NULL),
(2863, 99, 9, 28, 'p', 49500, NULL),
(2864, 99, 9, 21, 'p', 63000, NULL),
(2865, 99, 9, 17, 'p', 48500, NULL),
(2866, 99, 9, 5, 'p', 100800, NULL),
(2867, 99, 9, 10, 'p', 40500, NULL);
INSERT INTO `tbl_product_price_list` (`id_product_price_list`, `id_product_catalog`, `id_class_price`, `id_region`, `type`, `price`, `perkalian`) VALUES
(2868, 99, 9, 13, 'p', 41500, NULL),
(2869, 99, 9, 8, 'p', 55700, NULL),
(2870, 99, 9, 3, 'p', 0, NULL),
(2871, 99, 9, 9, 'p', 40500, NULL),
(2872, 100, 9, 11, 'p', 182000, NULL),
(2873, 100, 9, 23, 'p', 110250, NULL),
(2874, 100, 9, 2, 'p', 38000, NULL),
(2875, 100, 9, 19, 'p', 36300, NULL),
(2876, 100, 9, 27, 'p', 49500, NULL),
(2877, 100, 9, 7, 'p', 70875, NULL),
(2878, 100, 9, 24, 'p', 49500, NULL),
(2879, 100, 9, 20, 'p', 29000, NULL),
(2880, 100, 9, 15, 'p', 39000, NULL),
(2881, 100, 9, 29, 'p', 46000, NULL),
(2882, 100, 9, 12, 'p', 85500, NULL),
(2883, 100, 9, 16, 'p', 48500, NULL),
(2884, 100, 9, 18, 'p', 40500, NULL),
(2885, 100, 9, 25, 'p', 54600, NULL),
(2886, 100, 9, 14, 'p', 58500, NULL),
(2887, 100, 9, 1, 'p', 54600, NULL),
(2888, 100, 9, 26, 'p', 54600, NULL),
(2889, 100, 9, 6, 'p', 46000, NULL),
(2890, 100, 9, 4, 'p', 180000, NULL),
(2891, 100, 9, 22, 'p', 44500, NULL),
(2892, 100, 9, 28, 'p', 49500, NULL),
(2893, 100, 9, 21, 'p', 78750, NULL),
(2894, 100, 9, 17, 'p', 48500, NULL),
(2895, 100, 9, 5, 'p', 126000, NULL),
(2896, 100, 9, 10, 'p', 40500, NULL),
(2897, 100, 9, 13, 'p', 41500, NULL),
(2898, 100, 9, 8, 'p', 55700, NULL),
(2899, 100, 9, 3, 'p', 0, NULL),
(2900, 100, 9, 9, 'p', 40500, NULL),
(2901, 101, 10, 11, 'p', 33150, NULL),
(2902, 101, 10, 23, 'p', 0, NULL),
(2903, 101, 10, 2, 'p', 17250, NULL),
(2904, 101, 10, 19, 'p', 7500, NULL),
(2905, 101, 10, 27, 'p', 24750, NULL),
(2906, 101, 10, 7, 'p', 0, NULL),
(2907, 101, 10, 24, 'p', 24750, NULL),
(2908, 101, 10, 20, 'p', 7350, NULL),
(2909, 101, 10, 15, 'p', 7800, NULL),
(2910, 101, 10, 29, 'p', 20700, NULL),
(2911, 101, 10, 12, 'p', 16800, NULL),
(2912, 101, 10, 16, 'p', 10200, NULL),
(2913, 101, 10, 18, 'p', 8400, NULL),
(2914, 101, 10, 25, 'p', 28200, NULL),
(2915, 101, 10, 14, 'p', 16800, NULL),
(2916, 101, 10, 1, 'p', 28200, NULL),
(2917, 101, 10, 26, 'p', 28200, NULL),
(2918, 101, 10, 6, 'p', 20700, NULL),
(2919, 101, 10, 4, 'p', 0, NULL),
(2920, 101, 10, 22, 'p', 19050, NULL),
(2921, 101, 10, 28, 'p', 24750, NULL),
(2922, 101, 10, 21, 'p', 0, NULL),
(2923, 101, 10, 17, 'p', 10200, NULL),
(2924, 101, 10, 5, 'p', 0, NULL),
(2925, 101, 10, 10, 'p', 8400, NULL),
(2926, 101, 10, 13, 'p', 9000, NULL),
(2927, 101, 10, 8, 'p', 13050, NULL),
(2928, 101, 10, 3, 'p', 0, NULL),
(2929, 101, 10, 9, 'p', 8400, NULL),
(2930, 102, 10, 11, 'p', 110500, NULL),
(2931, 102, 10, 23, 'p', 0, NULL),
(2932, 102, 10, 2, 'p', 57500, NULL),
(2933, 102, 10, 19, 'p', 25000, NULL),
(2934, 102, 10, 27, 'p', 82500, NULL),
(2935, 102, 10, 7, 'p', 0, NULL),
(2936, 102, 10, 24, 'p', 82500, NULL),
(2937, 102, 10, 20, 'p', 24500, NULL),
(2938, 102, 10, 15, 'p', 26000, NULL),
(2939, 102, 10, 29, 'p', 69000, NULL),
(2940, 102, 10, 12, 'p', 56000, NULL),
(2941, 102, 10, 16, 'p', 34000, NULL),
(2942, 102, 10, 18, 'p', 28000, NULL),
(2943, 102, 10, 25, 'p', 94000, NULL),
(2944, 102, 10, 14, 'p', 56000, NULL),
(2945, 102, 10, 1, 'p', 94000, NULL),
(2946, 102, 10, 26, 'p', 94000, NULL),
(2947, 102, 10, 6, 'p', 69000, NULL),
(2948, 102, 10, 4, 'p', 0, NULL),
(2949, 102, 10, 22, 'p', 63500, NULL),
(2950, 102, 10, 28, 'p', 82500, NULL),
(2951, 102, 10, 21, 'p', 0, NULL),
(2952, 102, 10, 17, 'p', 34000, NULL),
(2953, 102, 10, 5, 'p', 0, NULL),
(2954, 102, 10, 10, 'p', 28000, NULL),
(2955, 102, 10, 13, 'p', 30000, NULL),
(2956, 102, 10, 8, 'p', 43500, NULL),
(2957, 102, 10, 3, 'p', 0, NULL),
(2958, 102, 10, 9, 'p', 28000, NULL),
(2959, 103, 10, 11, 'p', 67405, NULL),
(2960, 103, 10, 23, 'p', 0, NULL),
(2961, 103, 10, 2, 'p', 35075, NULL),
(2962, 103, 10, 19, 'p', 15250, NULL),
(2963, 103, 10, 27, 'p', 50325, NULL),
(2964, 103, 10, 7, 'p', 0, NULL),
(2965, 103, 10, 24, 'p', 50325, NULL),
(2966, 103, 10, 20, 'p', 14945, NULL),
(2967, 103, 10, 15, 'p', 15860, NULL),
(2968, 103, 10, 29, 'p', 42090, NULL),
(2969, 103, 10, 12, 'p', 34160, NULL),
(2970, 103, 10, 16, 'p', 20740, NULL),
(2971, 103, 10, 18, 'p', 17080, NULL),
(2972, 103, 10, 25, 'p', 57340, NULL),
(2973, 103, 10, 14, 'p', 34160, NULL),
(2974, 103, 10, 1, 'p', 57340, NULL),
(2975, 103, 10, 26, 'p', 57340, NULL),
(2976, 103, 10, 6, 'p', 42090, NULL),
(2977, 103, 10, 4, 'p', 0, NULL),
(2978, 103, 10, 22, 'p', 38735, NULL),
(2979, 103, 10, 28, 'p', 50325, NULL),
(2980, 103, 10, 21, 'p', 0, NULL),
(2981, 103, 10, 17, 'p', 20740, NULL),
(2982, 103, 10, 5, 'p', 0, NULL),
(2983, 103, 10, 10, 'p', 17080, NULL),
(2984, 103, 10, 13, 'p', 18300, NULL),
(2985, 103, 10, 8, 'p', 26535, NULL),
(2986, 103, 10, 3, 'p', 0, NULL),
(2987, 103, 10, 9, 'p', 17080, NULL),
(2988, 104, 10, 11, 'p', 430950, NULL),
(2989, 104, 10, 23, 'p', 257250, NULL),
(2990, 104, 10, 2, 'p', 224250, NULL),
(2991, 104, 10, 19, 'p', 97500, NULL),
(2992, 104, 10, 27, 'p', 321750, NULL),
(2993, 104, 10, 7, 'p', 165375, NULL),
(2994, 104, 10, 24, 'p', 321750, NULL),
(2995, 104, 10, 20, 'p', 95550, NULL),
(2996, 104, 10, 15, 'p', 101400, NULL),
(2997, 104, 10, 29, 'p', 269100, NULL),
(2998, 104, 10, 12, 'p', 218400, NULL),
(2999, 104, 10, 16, 'p', 132600, NULL),
(3000, 104, 10, 18, 'p', 109200, NULL),
(3001, 104, 10, 25, 'p', 366600, NULL),
(3002, 104, 10, 14, 'p', 218400, NULL),
(3003, 104, 10, 1, 'p', 366600, NULL),
(3004, 104, 10, 26, 'p', 366600, NULL),
(3005, 104, 10, 6, 'p', 269100, NULL),
(3006, 104, 10, 4, 'p', 420000, NULL),
(3007, 104, 10, 22, 'p', 247650, NULL),
(3008, 104, 10, 28, 'p', 321750, NULL),
(3009, 104, 10, 21, 'p', 183750, NULL),
(3010, 104, 10, 17, 'p', 132600, NULL),
(3011, 104, 10, 5, 'p', 294000, NULL),
(3012, 104, 10, 10, 'p', 109200, NULL),
(3013, 104, 10, 13, 'p', 117000, NULL),
(3014, 104, 10, 8, 'p', 169650, NULL),
(3015, 104, 10, 3, 'p', 0, NULL),
(3016, 104, 10, 9, 'p', 109200, NULL),
(3017, 105, 10, 11, 'p', 165750, NULL),
(3018, 105, 10, 23, 'p', 485100, NULL),
(3019, 105, 10, 2, 'p', 86250, NULL),
(3020, 105, 10, 19, 'p', 37500, NULL),
(3021, 105, 10, 27, 'p', 123750, NULL),
(3022, 105, 10, 7, 'p', 311850, NULL),
(3023, 105, 10, 24, 'p', 123750, NULL),
(3024, 105, 10, 20, 'p', 36750, NULL),
(3025, 105, 10, 15, 'p', 39000, NULL),
(3026, 105, 10, 29, 'p', 103500, NULL),
(3027, 105, 10, 12, 'p', 84000, NULL),
(3028, 105, 10, 16, 'p', 51000, NULL),
(3029, 105, 10, 18, 'p', 42000, NULL),
(3030, 105, 10, 25, 'p', 141000, NULL),
(3031, 105, 10, 14, 'p', 84000, NULL),
(3032, 105, 10, 1, 'p', 141000, NULL),
(3033, 105, 10, 26, 'p', 141000, NULL),
(3034, 105, 10, 6, 'p', 103500, NULL),
(3035, 105, 10, 4, 'p', 792000, NULL),
(3036, 105, 10, 22, 'p', 95250, NULL),
(3037, 105, 10, 28, 'p', 123750, NULL),
(3038, 105, 10, 21, 'p', 346500, NULL),
(3039, 105, 10, 17, 'p', 51000, NULL),
(3040, 105, 10, 5, 'p', 554400, NULL),
(3041, 105, 10, 10, 'p', 42000, NULL),
(3042, 105, 10, 13, 'p', 45000, NULL),
(3043, 105, 10, 8, 'p', 65250, NULL),
(3044, 105, 10, 3, 'p', 0, NULL),
(3045, 105, 10, 9, 'p', 42000, NULL),
(3046, 106, 10, 11, 'p', 486200, NULL),
(3047, 106, 10, 23, 'p', 0, NULL),
(3048, 106, 10, 2, 'p', 253000, NULL),
(3049, 106, 10, 19, 'p', 110000, NULL),
(3050, 106, 10, 27, 'p', 363000, NULL),
(3051, 106, 10, 7, 'p', 0, NULL),
(3052, 106, 10, 24, 'p', 363000, NULL),
(3053, 106, 10, 20, 'p', 107800, NULL),
(3054, 106, 10, 15, 'p', 114400, NULL),
(3055, 106, 10, 29, 'p', 303600, NULL),
(3056, 106, 10, 12, 'p', 246400, NULL),
(3057, 106, 10, 16, 'p', 149600, NULL),
(3058, 106, 10, 18, 'p', 123200, NULL),
(3059, 106, 10, 25, 'p', 413600, NULL),
(3060, 106, 10, 14, 'p', 246400, NULL),
(3061, 106, 10, 1, 'p', 413600, NULL),
(3062, 106, 10, 26, 'p', 413600, NULL),
(3063, 106, 10, 6, 'p', 303600, NULL),
(3064, 106, 10, 4, 'p', 0, NULL),
(3065, 106, 10, 22, 'p', 279400, NULL),
(3066, 106, 10, 28, 'p', 363000, NULL),
(3067, 106, 10, 21, 'p', 0, NULL),
(3068, 106, 10, 17, 'p', 149600, NULL),
(3069, 106, 10, 5, 'p', 0, NULL),
(3070, 106, 10, 10, 'p', 123200, NULL),
(3071, 106, 10, 13, 'p', 132000, NULL),
(3072, 106, 10, 8, 'p', 191400, NULL),
(3073, 106, 10, 3, 'p', 0, NULL),
(3074, 106, 10, 9, 'p', 123200, NULL),
(3075, 107, 10, 11, 'p', 110500, NULL),
(3076, 107, 10, 23, 'p', 0, NULL),
(3077, 107, 10, 2, 'p', 57500, NULL),
(3078, 107, 10, 19, 'p', 25000, NULL),
(3079, 107, 10, 27, 'p', 82500, NULL),
(3080, 107, 10, 7, 'p', 0, NULL),
(3081, 107, 10, 24, 'p', 82500, NULL),
(3082, 107, 10, 20, 'p', 24500, NULL),
(3083, 107, 10, 15, 'p', 26000, NULL),
(3084, 107, 10, 29, 'p', 69000, NULL),
(3085, 107, 10, 12, 'p', 56000, NULL),
(3086, 107, 10, 16, 'p', 34000, NULL),
(3087, 107, 10, 18, 'p', 28000, NULL),
(3088, 107, 10, 25, 'p', 94000, NULL),
(3089, 107, 10, 14, 'p', 56000, NULL),
(3090, 107, 10, 1, 'p', 94000, NULL),
(3091, 107, 10, 26, 'p', 94000, NULL),
(3092, 107, 10, 6, 'p', 69000, NULL),
(3093, 107, 10, 4, 'p', 0, NULL),
(3094, 107, 10, 22, 'p', 63500, NULL),
(3095, 107, 10, 28, 'p', 82500, NULL),
(3096, 107, 10, 21, 'p', 0, NULL),
(3097, 107, 10, 17, 'p', 34000, NULL),
(3098, 107, 10, 5, 'p', 0, NULL),
(3099, 107, 10, 10, 'p', 28000, NULL),
(3100, 107, 10, 13, 'p', 30000, NULL),
(3101, 107, 10, 8, 'p', 43500, NULL),
(3102, 107, 10, 3, 'p', 0, NULL),
(3103, 107, 10, 9, 'p', 28000, NULL),
(3104, 108, 10, 11, 'p', 110500, NULL),
(3105, 108, 10, 23, 'p', 0, NULL),
(3106, 108, 10, 2, 'p', 57500, NULL),
(3107, 108, 10, 19, 'p', 25000, NULL),
(3108, 108, 10, 27, 'p', 82500, NULL),
(3109, 108, 10, 7, 'p', 0, NULL),
(3110, 108, 10, 24, 'p', 82500, NULL),
(3111, 108, 10, 20, 'p', 24500, NULL),
(3112, 108, 10, 15, 'p', 26000, NULL),
(3113, 108, 10, 29, 'p', 69000, NULL),
(3114, 108, 10, 12, 'p', 56000, NULL),
(3115, 108, 10, 16, 'p', 34000, NULL),
(3116, 108, 10, 18, 'p', 28000, NULL),
(3117, 108, 10, 25, 'p', 94000, NULL),
(3118, 108, 10, 14, 'p', 56000, NULL),
(3119, 108, 10, 1, 'p', 94000, NULL),
(3120, 108, 10, 26, 'p', 94000, NULL),
(3121, 108, 10, 6, 'p', 69000, NULL),
(3122, 108, 10, 4, 'p', 0, NULL),
(3123, 108, 10, 22, 'p', 63500, NULL),
(3124, 108, 10, 28, 'p', 82500, NULL),
(3125, 108, 10, 21, 'p', 0, NULL),
(3126, 108, 10, 17, 'p', 34000, NULL),
(3127, 108, 10, 5, 'p', 0, NULL),
(3128, 108, 10, 10, 'p', 28000, NULL),
(3129, 108, 10, 13, 'p', 30000, NULL),
(3130, 108, 10, 8, 'p', 43500, NULL),
(3131, 108, 10, 3, 'p', 0, NULL),
(3132, 108, 10, 9, 'p', 28000, NULL),
(3133, 109, 10, 11, 'p', 1082900, NULL),
(3134, 109, 10, 23, 'p', 0, NULL),
(3135, 109, 10, 2, 'p', 563500, NULL),
(3136, 109, 10, 19, 'p', 245000, NULL),
(3137, 109, 10, 27, 'p', 808500, NULL),
(3138, 109, 10, 7, 'p', 0, NULL),
(3139, 109, 10, 24, 'p', 808500, NULL),
(3140, 109, 10, 20, 'p', 240100, NULL),
(3141, 109, 10, 15, 'p', 254800, NULL),
(3142, 109, 10, 29, 'p', 676200, NULL),
(3143, 109, 10, 12, 'p', 548800, NULL),
(3144, 109, 10, 16, 'p', 333200, NULL),
(3145, 109, 10, 18, 'p', 274400, NULL),
(3146, 109, 10, 25, 'p', 921200, NULL),
(3147, 109, 10, 14, 'p', 548800, NULL),
(3148, 109, 10, 1, 'p', 921200, NULL),
(3149, 109, 10, 26, 'p', 921200, NULL),
(3150, 109, 10, 6, 'p', 676200, NULL),
(3151, 109, 10, 4, 'p', 0, NULL),
(3152, 109, 10, 22, 'p', 622300, NULL),
(3153, 109, 10, 28, 'p', 808500, NULL),
(3154, 109, 10, 21, 'p', 0, NULL),
(3155, 109, 10, 17, 'p', 333200, NULL),
(3156, 109, 10, 5, 'p', 0, NULL),
(3157, 109, 10, 10, 'p', 274400, NULL),
(3158, 109, 10, 13, 'p', 294000, NULL),
(3159, 109, 10, 8, 'p', 426300, NULL),
(3160, 109, 10, 3, 'p', 0, NULL),
(3161, 109, 10, 9, 'p', 274400, NULL),
(3162, 110, 10, 11, 'p', 121550, NULL),
(3163, 110, 10, 23, 'p', 0, NULL),
(3164, 110, 10, 2, 'p', 63250, NULL),
(3165, 110, 10, 19, 'p', 27500, NULL),
(3166, 110, 10, 27, 'p', 90750, NULL),
(3167, 110, 10, 7, 'p', 0, NULL),
(3168, 110, 10, 24, 'p', 90750, NULL),
(3169, 110, 10, 20, 'p', 26950, NULL),
(3170, 110, 10, 15, 'p', 28600, NULL),
(3171, 110, 10, 29, 'p', 75900, NULL),
(3172, 110, 10, 12, 'p', 61600, NULL),
(3173, 110, 10, 16, 'p', 37400, NULL),
(3174, 110, 10, 18, 'p', 30800, NULL),
(3175, 110, 10, 25, 'p', 103400, NULL),
(3176, 110, 10, 14, 'p', 61600, NULL),
(3177, 110, 10, 1, 'p', 103400, NULL),
(3178, 110, 10, 26, 'p', 103400, NULL),
(3179, 110, 10, 6, 'p', 75900, NULL),
(3180, 110, 10, 4, 'p', 0, NULL),
(3181, 110, 10, 22, 'p', 69850, NULL),
(3182, 110, 10, 28, 'p', 90750, NULL),
(3183, 110, 10, 21, 'p', 0, NULL),
(3184, 110, 10, 17, 'p', 37400, NULL),
(3185, 110, 10, 5, 'p', 0, NULL),
(3186, 110, 10, 10, 'p', 30800, NULL),
(3187, 110, 10, 13, 'p', 33000, NULL),
(3188, 110, 10, 8, 'p', 47850, NULL),
(3189, 110, 10, 3, 'p', 0, NULL),
(3190, 110, 10, 9, 'p', 30800, NULL),
(3191, 111, 10, 11, 'p', 99450, NULL),
(3192, 111, 10, 23, 'p', 0, NULL),
(3193, 111, 10, 2, 'p', 51750, NULL),
(3194, 111, 10, 19, 'p', 22500, NULL),
(3195, 111, 10, 27, 'p', 74250, NULL),
(3196, 111, 10, 7, 'p', 0, NULL),
(3197, 111, 10, 24, 'p', 74250, NULL),
(3198, 111, 10, 20, 'p', 22050, NULL),
(3199, 111, 10, 15, 'p', 23400, NULL),
(3200, 111, 10, 29, 'p', 62100, NULL),
(3201, 111, 10, 12, 'p', 50400, NULL),
(3202, 111, 10, 16, 'p', 30600, NULL),
(3203, 111, 10, 18, 'p', 25200, NULL),
(3204, 111, 10, 25, 'p', 84600, NULL),
(3205, 111, 10, 14, 'p', 50400, NULL),
(3206, 111, 10, 1, 'p', 84600, NULL),
(3207, 111, 10, 26, 'p', 84600, NULL),
(3208, 111, 10, 6, 'p', 62100, NULL),
(3209, 111, 10, 4, 'p', 0, NULL),
(3210, 111, 10, 22, 'p', 57150, NULL),
(3211, 111, 10, 28, 'p', 74250, NULL),
(3212, 111, 10, 21, 'p', 0, NULL),
(3213, 111, 10, 17, 'p', 30600, NULL),
(3214, 111, 10, 5, 'p', 0, NULL),
(3215, 111, 10, 10, 'p', 25200, NULL),
(3216, 111, 10, 13, 'p', 27000, NULL),
(3217, 111, 10, 8, 'p', 39150, NULL),
(3218, 111, 10, 3, 'p', 0, NULL),
(3219, 111, 10, 9, 'p', 25200, NULL),
(3220, 112, 10, 11, 'p', 165750, NULL),
(3221, 112, 10, 23, 'p', 0, NULL),
(3222, 112, 10, 2, 'p', 86250, NULL),
(3223, 112, 10, 19, 'p', 37500, NULL),
(3224, 112, 10, 27, 'p', 123750, NULL),
(3225, 112, 10, 7, 'p', 0, NULL),
(3226, 112, 10, 24, 'p', 123750, NULL),
(3227, 112, 10, 20, 'p', 36750, NULL),
(3228, 112, 10, 15, 'p', 39000, NULL),
(3229, 112, 10, 29, 'p', 103500, NULL),
(3230, 112, 10, 12, 'p', 84000, NULL),
(3231, 112, 10, 16, 'p', 51000, NULL),
(3232, 112, 10, 18, 'p', 42000, NULL),
(3233, 112, 10, 25, 'p', 141000, NULL),
(3234, 112, 10, 14, 'p', 84000, NULL),
(3235, 112, 10, 1, 'p', 141000, NULL),
(3236, 112, 10, 26, 'p', 141000, NULL),
(3237, 112, 10, 6, 'p', 103500, NULL),
(3238, 112, 10, 4, 'p', 0, NULL),
(3239, 112, 10, 22, 'p', 95250, NULL),
(3240, 112, 10, 28, 'p', 123750, NULL),
(3241, 112, 10, 21, 'p', 0, NULL),
(3242, 112, 10, 17, 'p', 51000, NULL),
(3243, 112, 10, 5, 'p', 0, NULL),
(3244, 112, 10, 10, 'p', 42000, NULL),
(3245, 112, 10, 13, 'p', 45000, NULL),
(3246, 112, 10, 8, 'p', 65250, NULL),
(3247, 112, 10, 3, 'p', 0, NULL),
(3248, 112, 10, 9, 'p', 42000, NULL),
(3249, 113, 10, 11, 'p', 33150, NULL),
(3250, 113, 10, 23, 'p', 0, NULL),
(3251, 113, 10, 2, 'p', 17250, NULL),
(3252, 113, 10, 19, 'p', 7500, NULL),
(3253, 113, 10, 27, 'p', 24750, NULL),
(3254, 113, 10, 7, 'p', 0, NULL),
(3255, 113, 10, 24, 'p', 24750, NULL),
(3256, 113, 10, 20, 'p', 7350, NULL),
(3257, 113, 10, 15, 'p', 7800, NULL),
(3258, 113, 10, 29, 'p', 20700, NULL),
(3259, 113, 10, 12, 'p', 16800, NULL),
(3260, 113, 10, 16, 'p', 10200, NULL),
(3261, 113, 10, 18, 'p', 8400, NULL),
(3262, 113, 10, 25, 'p', 28200, NULL),
(3263, 113, 10, 14, 'p', 16800, NULL),
(3264, 113, 10, 1, 'p', 28200, NULL),
(3265, 113, 10, 26, 'p', 28200, NULL),
(3266, 113, 10, 6, 'p', 20700, NULL),
(3267, 113, 10, 4, 'p', 0, NULL),
(3268, 113, 10, 22, 'p', 19050, NULL),
(3269, 113, 10, 28, 'p', 24750, NULL),
(3270, 113, 10, 21, 'p', 0, NULL),
(3271, 113, 10, 17, 'p', 10200, NULL),
(3272, 113, 10, 5, 'p', 0, NULL),
(3273, 113, 10, 10, 'p', 8400, NULL),
(3274, 113, 10, 13, 'p', 9000, NULL),
(3275, 113, 10, 8, 'p', 13050, NULL),
(3276, 113, 10, 3, 'p', 0, NULL),
(3277, 113, 10, 9, 'p', 8400, NULL),
(3278, 114, 10, 11, 'p', 88400, NULL),
(3279, 114, 10, 23, 'p', 0, NULL),
(3280, 114, 10, 2, 'p', 46000, NULL),
(3281, 114, 10, 19, 'p', 20000, NULL),
(3282, 114, 10, 27, 'p', 66000, NULL),
(3283, 114, 10, 7, 'p', 0, NULL),
(3284, 114, 10, 24, 'p', 66000, NULL),
(3285, 114, 10, 20, 'p', 19600, NULL),
(3286, 114, 10, 15, 'p', 20800, NULL),
(3287, 114, 10, 29, 'p', 55200, NULL),
(3288, 114, 10, 12, 'p', 44800, NULL),
(3289, 114, 10, 16, 'p', 27200, NULL),
(3290, 114, 10, 18, 'p', 22400, NULL),
(3291, 114, 10, 25, 'p', 75200, NULL),
(3292, 114, 10, 14, 'p', 44800, NULL),
(3293, 114, 10, 1, 'p', 75200, NULL),
(3294, 114, 10, 26, 'p', 75200, NULL),
(3295, 114, 10, 6, 'p', 55200, NULL),
(3296, 114, 10, 4, 'p', 0, NULL),
(3297, 114, 10, 22, 'p', 50800, NULL),
(3298, 114, 10, 28, 'p', 66000, NULL),
(3299, 114, 10, 21, 'p', 0, NULL),
(3300, 114, 10, 17, 'p', 27200, NULL),
(3301, 114, 10, 5, 'p', 0, NULL),
(3302, 114, 10, 10, 'p', 22400, NULL),
(3303, 114, 10, 13, 'p', 24000, NULL),
(3304, 114, 10, 8, 'p', 34800, NULL),
(3305, 114, 10, 3, 'p', 0, NULL),
(3306, 114, 10, 9, 'p', 22400, NULL),
(3307, 115, 10, 11, 'p', 132600, NULL),
(3308, 115, 10, 23, 'p', 0, NULL),
(3309, 115, 10, 2, 'p', 69000, NULL),
(3310, 115, 10, 19, 'p', 30000, NULL),
(3311, 115, 10, 27, 'p', 99000, NULL),
(3312, 115, 10, 7, 'p', 0, NULL),
(3313, 115, 10, 24, 'p', 99000, NULL),
(3314, 115, 10, 20, 'p', 29400, NULL),
(3315, 115, 10, 15, 'p', 31200, NULL),
(3316, 115, 10, 29, 'p', 82800, NULL),
(3317, 115, 10, 12, 'p', 67200, NULL),
(3318, 115, 10, 16, 'p', 40800, NULL),
(3319, 115, 10, 18, 'p', 33600, NULL),
(3320, 115, 10, 25, 'p', 112800, NULL),
(3321, 115, 10, 14, 'p', 67200, NULL),
(3322, 115, 10, 1, 'p', 112800, NULL),
(3323, 115, 10, 26, 'p', 112800, NULL),
(3324, 115, 10, 6, 'p', 82800, NULL),
(3325, 115, 10, 4, 'p', 0, NULL),
(3326, 115, 10, 22, 'p', 76200, NULL),
(3327, 115, 10, 28, 'p', 99000, NULL),
(3328, 115, 10, 21, 'p', 0, NULL),
(3329, 115, 10, 17, 'p', 40800, NULL),
(3330, 115, 10, 5, 'p', 0, NULL),
(3331, 115, 10, 10, 'p', 33600, NULL),
(3332, 115, 10, 13, 'p', 36000, NULL),
(3333, 115, 10, 8, 'p', 52200, NULL),
(3334, 115, 10, 3, 'p', 0, NULL),
(3335, 115, 10, 9, 'p', 33600, NULL),
(3336, 116, 10, 11, 'p', 132600, NULL),
(3337, 116, 10, 23, 'p', 0, NULL),
(3338, 116, 10, 2, 'p', 69000, NULL),
(3339, 116, 10, 19, 'p', 30000, NULL),
(3340, 116, 10, 27, 'p', 99000, NULL),
(3341, 116, 10, 7, 'p', 0, NULL),
(3342, 116, 10, 24, 'p', 99000, NULL),
(3343, 116, 10, 20, 'p', 29400, NULL),
(3344, 116, 10, 15, 'p', 31200, NULL),
(3345, 116, 10, 29, 'p', 82800, NULL),
(3346, 116, 10, 12, 'p', 67200, NULL),
(3347, 116, 10, 16, 'p', 40800, NULL),
(3348, 116, 10, 18, 'p', 33600, NULL),
(3349, 116, 10, 25, 'p', 112800, NULL),
(3350, 116, 10, 14, 'p', 67200, NULL),
(3351, 116, 10, 1, 'p', 112800, NULL),
(3352, 116, 10, 26, 'p', 112800, NULL),
(3353, 116, 10, 6, 'p', 82800, NULL),
(3354, 116, 10, 4, 'p', 0, NULL),
(3355, 116, 10, 22, 'p', 76200, NULL),
(3356, 116, 10, 28, 'p', 99000, NULL),
(3357, 116, 10, 21, 'p', 0, NULL),
(3358, 116, 10, 17, 'p', 40800, NULL),
(3359, 116, 10, 5, 'p', 0, NULL),
(3360, 116, 10, 10, 'p', 33600, NULL),
(3361, 116, 10, 13, 'p', 36000, NULL),
(3362, 116, 10, 8, 'p', 52200, NULL),
(3363, 116, 10, 3, 'p', 0, NULL),
(3364, 116, 10, 9, 'p', 33600, NULL),
(3365, 117, 10, 11, 'p', 132600, NULL),
(3366, 117, 10, 23, 'p', 0, NULL),
(3367, 117, 10, 2, 'p', 69000, NULL),
(3368, 117, 10, 19, 'p', 30000, NULL),
(3369, 117, 10, 27, 'p', 99000, NULL),
(3370, 117, 10, 7, 'p', 0, NULL),
(3371, 117, 10, 24, 'p', 99000, NULL),
(3372, 117, 10, 20, 'p', 29400, NULL),
(3373, 117, 10, 15, 'p', 31200, NULL),
(3374, 117, 10, 29, 'p', 82800, NULL),
(3375, 117, 10, 12, 'p', 67200, NULL),
(3376, 117, 10, 16, 'p', 40800, NULL),
(3377, 117, 10, 18, 'p', 33600, NULL),
(3378, 117, 10, 25, 'p', 112800, NULL),
(3379, 117, 10, 14, 'p', 67200, NULL),
(3380, 117, 10, 1, 'p', 112800, NULL),
(3381, 117, 10, 26, 'p', 112800, NULL),
(3382, 117, 10, 6, 'p', 82800, NULL),
(3383, 117, 10, 4, 'p', 0, NULL),
(3384, 117, 10, 22, 'p', 76200, NULL),
(3385, 117, 10, 28, 'p', 99000, NULL),
(3386, 117, 10, 21, 'p', 0, NULL),
(3387, 117, 10, 17, 'p', 40800, NULL),
(3388, 117, 10, 5, 'p', 0, NULL),
(3389, 117, 10, 10, 'p', 33600, NULL),
(3390, 117, 10, 13, 'p', 36000, NULL),
(3391, 117, 10, 8, 'p', 52200, NULL),
(3392, 117, 10, 3, 'p', 0, NULL),
(3393, 117, 10, 9, 'p', 33600, NULL),
(3394, 118, 10, 11, 'p', 55250, NULL),
(3395, 118, 10, 23, 'p', 0, NULL),
(3396, 118, 10, 2, 'p', 28750, NULL),
(3397, 118, 10, 19, 'p', 12500, NULL),
(3398, 118, 10, 27, 'p', 41250, NULL),
(3399, 118, 10, 7, 'p', 0, NULL),
(3400, 118, 10, 24, 'p', 41250, NULL),
(3401, 118, 10, 20, 'p', 12250, NULL),
(3402, 118, 10, 15, 'p', 13000, NULL),
(3403, 118, 10, 29, 'p', 34500, NULL),
(3404, 118, 10, 12, 'p', 28000, NULL),
(3405, 118, 10, 16, 'p', 17000, NULL),
(3406, 118, 10, 18, 'p', 14000, NULL),
(3407, 118, 10, 25, 'p', 47000, NULL),
(3408, 118, 10, 14, 'p', 28000, NULL),
(3409, 118, 10, 1, 'p', 47000, NULL),
(3410, 118, 10, 26, 'p', 47000, NULL),
(3411, 118, 10, 6, 'p', 34500, NULL),
(3412, 118, 10, 4, 'p', 0, NULL),
(3413, 118, 10, 22, 'p', 31750, NULL),
(3414, 118, 10, 28, 'p', 41250, NULL),
(3415, 118, 10, 21, 'p', 0, NULL),
(3416, 118, 10, 17, 'p', 17000, NULL),
(3417, 118, 10, 5, 'p', 0, NULL),
(3418, 118, 10, 10, 'p', 14000, NULL),
(3419, 118, 10, 13, 'p', 15000, NULL),
(3420, 118, 10, 8, 'p', 21750, NULL),
(3421, 118, 10, 3, 'p', 0, NULL),
(3422, 118, 10, 9, 'p', 14000, NULL),
(3423, 119, 10, 11, 'p', 66300, NULL),
(3424, 119, 10, 23, 'p', 0, NULL),
(3425, 119, 10, 2, 'p', 34500, NULL),
(3426, 119, 10, 19, 'p', 15000, NULL),
(3427, 119, 10, 27, 'p', 49500, NULL),
(3428, 119, 10, 7, 'p', 0, NULL),
(3429, 119, 10, 24, 'p', 49500, NULL),
(3430, 119, 10, 20, 'p', 14700, NULL),
(3431, 119, 10, 15, 'p', 15600, NULL),
(3432, 119, 10, 29, 'p', 41400, NULL),
(3433, 119, 10, 12, 'p', 33600, NULL),
(3434, 119, 10, 16, 'p', 20400, NULL),
(3435, 119, 10, 18, 'p', 16800, NULL),
(3436, 119, 10, 25, 'p', 56400, NULL),
(3437, 119, 10, 14, 'p', 33600, NULL),
(3438, 119, 10, 1, 'p', 56400, NULL),
(3439, 119, 10, 26, 'p', 56400, NULL),
(3440, 119, 10, 6, 'p', 41400, NULL),
(3441, 119, 10, 4, 'p', 0, NULL),
(3442, 119, 10, 22, 'p', 38100, NULL),
(3443, 119, 10, 28, 'p', 49500, NULL),
(3444, 119, 10, 21, 'p', 0, NULL),
(3445, 119, 10, 17, 'p', 20400, NULL),
(3446, 119, 10, 5, 'p', 0, NULL),
(3447, 119, 10, 10, 'p', 16800, NULL),
(3448, 119, 10, 13, 'p', 18000, NULL),
(3449, 119, 10, 8, 'p', 26100, NULL),
(3450, 119, 10, 3, 'p', 0, NULL),
(3451, 119, 10, 9, 'p', 16800, NULL),
(3452, 120, 10, 11, 'p', 66300, NULL),
(3453, 120, 10, 23, 'p', 132300, NULL),
(3454, 120, 10, 2, 'p', 34500, NULL),
(3455, 120, 10, 19, 'p', 15000, NULL),
(3456, 120, 10, 27, 'p', 49500, NULL),
(3457, 120, 10, 7, 'p', 85050, NULL),
(3458, 120, 10, 24, 'p', 49500, NULL),
(3459, 120, 10, 20, 'p', 14700, NULL),
(3460, 120, 10, 15, 'p', 15600, NULL),
(3461, 120, 10, 29, 'p', 41400, NULL),
(3462, 120, 10, 12, 'p', 33600, NULL),
(3463, 120, 10, 16, 'p', 20400, NULL),
(3464, 120, 10, 18, 'p', 16800, NULL),
(3465, 120, 10, 25, 'p', 56400, NULL),
(3466, 120, 10, 14, 'p', 33600, NULL),
(3467, 120, 10, 1, 'p', 56400, NULL),
(3468, 120, 10, 26, 'p', 56400, NULL),
(3469, 120, 10, 6, 'p', 41400, NULL),
(3470, 120, 10, 4, 'p', 216000, NULL),
(3471, 120, 10, 22, 'p', 38100, NULL),
(3472, 120, 10, 28, 'p', 49500, NULL),
(3473, 120, 10, 21, 'p', 94500, NULL),
(3474, 120, 10, 17, 'p', 20400, NULL),
(3475, 120, 10, 5, 'p', 151200, NULL),
(3476, 120, 10, 10, 'p', 16800, NULL),
(3477, 120, 10, 13, 'p', 18000, NULL),
(3478, 120, 10, 8, 'p', 26100, NULL),
(3479, 120, 10, 3, 'p', 0, NULL),
(3480, 120, 10, 9, 'p', 16800, NULL),
(3481, 121, 10, 11, 'p', 11050, NULL),
(3482, 121, 10, 23, 'p', 14700, NULL),
(3483, 121, 10, 2, 'p', 5750, NULL),
(3484, 121, 10, 19, 'p', 2500, NULL),
(3485, 121, 10, 27, 'p', 8250, NULL),
(3486, 121, 10, 7, 'p', 9450, NULL),
(3487, 121, 10, 24, 'p', 8250, NULL),
(3488, 121, 10, 20, 'p', 2450, NULL),
(3489, 121, 10, 15, 'p', 2600, NULL),
(3490, 121, 10, 29, 'p', 6900, NULL),
(3491, 121, 10, 12, 'p', 5600, NULL),
(3492, 121, 10, 16, 'p', 3400, NULL),
(3493, 121, 10, 18, 'p', 2800, NULL),
(3494, 121, 10, 25, 'p', 9400, NULL),
(3495, 121, 10, 14, 'p', 5600, NULL),
(3496, 121, 10, 1, 'p', 9400, NULL),
(3497, 121, 10, 26, 'p', 9400, NULL),
(3498, 121, 10, 6, 'p', 6900, NULL),
(3499, 121, 10, 4, 'p', 24000, NULL),
(3500, 121, 10, 22, 'p', 6350, NULL),
(3501, 121, 10, 28, 'p', 8250, NULL),
(3502, 121, 10, 21, 'p', 10500, NULL),
(3503, 121, 10, 17, 'p', 3400, NULL),
(3504, 121, 10, 5, 'p', 16800, NULL),
(3505, 121, 10, 10, 'p', 2800, NULL),
(3506, 121, 10, 13, 'p', 3000, NULL),
(3507, 121, 10, 8, 'p', 4350, NULL),
(3508, 121, 10, 3, 'p', 0, NULL),
(3509, 121, 10, 9, 'p', 2800, NULL),
(3510, 122, 10, 11, 'p', 121550, NULL),
(3511, 122, 10, 23, 'p', 0, NULL),
(3512, 122, 10, 2, 'p', 63250, NULL),
(3513, 122, 10, 19, 'p', 27500, NULL),
(3514, 122, 10, 27, 'p', 90750, NULL),
(3515, 122, 10, 7, 'p', 0, NULL),
(3516, 122, 10, 24, 'p', 90750, NULL),
(3517, 122, 10, 20, 'p', 26950, NULL),
(3518, 122, 10, 15, 'p', 28600, NULL),
(3519, 122, 10, 29, 'p', 75900, NULL),
(3520, 122, 10, 12, 'p', 61600, NULL),
(3521, 122, 10, 16, 'p', 37400, NULL),
(3522, 122, 10, 18, 'p', 30800, NULL),
(3523, 122, 10, 25, 'p', 103400, NULL),
(3524, 122, 10, 14, 'p', 61600, NULL),
(3525, 122, 10, 1, 'p', 103400, NULL),
(3526, 122, 10, 26, 'p', 103400, NULL),
(3527, 122, 10, 6, 'p', 75900, NULL),
(3528, 122, 10, 4, 'p', 0, NULL),
(3529, 122, 10, 22, 'p', 69850, NULL),
(3530, 122, 10, 28, 'p', 90750, NULL),
(3531, 122, 10, 21, 'p', 0, NULL),
(3532, 122, 10, 17, 'p', 37400, NULL),
(3533, 122, 10, 5, 'p', 0, NULL),
(3534, 122, 10, 10, 'p', 30800, NULL),
(3535, 122, 10, 13, 'p', 33000, NULL),
(3536, 122, 10, 8, 'p', 47850, NULL),
(3537, 122, 10, 3, 'p', 0, NULL),
(3538, 122, 10, 9, 'p', 30800, NULL),
(3539, 123, 10, 11, 'p', 198900, NULL),
(3540, 123, 10, 23, 'p', 132300, NULL),
(3541, 123, 10, 2, 'p', 103500, NULL),
(3542, 123, 10, 19, 'p', 45000, NULL),
(3543, 123, 10, 27, 'p', 148500, NULL),
(3544, 123, 10, 7, 'p', 85050, NULL),
(3545, 123, 10, 24, 'p', 148500, NULL),
(3546, 123, 10, 20, 'p', 44100, NULL),
(3547, 123, 10, 15, 'p', 46800, NULL),
(3548, 123, 10, 29, 'p', 124200, NULL),
(3549, 123, 10, 12, 'p', 100800, NULL),
(3550, 123, 10, 16, 'p', 61200, NULL),
(3551, 123, 10, 18, 'p', 50400, NULL),
(3552, 123, 10, 25, 'p', 169200, NULL),
(3553, 123, 10, 14, 'p', 100800, NULL),
(3554, 123, 10, 1, 'p', 169200, NULL),
(3555, 123, 10, 26, 'p', 169200, NULL),
(3556, 123, 10, 6, 'p', 124200, NULL),
(3557, 123, 10, 4, 'p', 216000, NULL),
(3558, 123, 10, 22, 'p', 114300, NULL),
(3559, 123, 10, 28, 'p', 148500, NULL),
(3560, 123, 10, 21, 'p', 94500, NULL),
(3561, 123, 10, 17, 'p', 61200, NULL),
(3562, 123, 10, 5, 'p', 151200, NULL),
(3563, 123, 10, 10, 'p', 50400, NULL),
(3564, 123, 10, 13, 'p', 54000, NULL),
(3565, 123, 10, 8, 'p', 78300, NULL),
(3566, 123, 10, 3, 'p', 0, NULL),
(3567, 123, 10, 9, 'p', 50400, NULL),
(3568, 124, 10, 11, 'p', 22100, NULL),
(3569, 124, 10, 23, 'p', 51450, NULL),
(3570, 124, 10, 2, 'p', 11500, NULL),
(3571, 124, 10, 19, 'p', 5000, NULL),
(3572, 124, 10, 27, 'p', 16500, NULL),
(3573, 124, 10, 7, 'p', 33075, NULL),
(3574, 124, 10, 24, 'p', 16500, NULL),
(3575, 124, 10, 20, 'p', 4900, NULL),
(3576, 124, 10, 15, 'p', 5200, NULL),
(3577, 124, 10, 29, 'p', 13800, NULL),
(3578, 124, 10, 12, 'p', 11200, NULL),
(3579, 124, 10, 16, 'p', 6800, NULL),
(3580, 124, 10, 18, 'p', 5600, NULL),
(3581, 124, 10, 25, 'p', 18800, NULL),
(3582, 124, 10, 14, 'p', 11200, NULL),
(3583, 124, 10, 1, 'p', 18800, NULL),
(3584, 124, 10, 26, 'p', 18800, NULL),
(3585, 124, 10, 6, 'p', 13800, NULL),
(3586, 124, 10, 4, 'p', 84000, NULL),
(3587, 124, 10, 22, 'p', 12700, NULL),
(3588, 124, 10, 28, 'p', 16500, NULL),
(3589, 124, 10, 21, 'p', 36750, NULL),
(3590, 124, 10, 17, 'p', 6800, NULL),
(3591, 124, 10, 5, 'p', 58800, NULL),
(3592, 124, 10, 10, 'p', 5600, NULL),
(3593, 124, 10, 13, 'p', 6000, NULL),
(3594, 124, 10, 8, 'p', 8700, NULL),
(3595, 124, 10, 3, 'p', 0, NULL),
(3596, 124, 10, 9, 'p', 5600, NULL),
(3597, 125, 10, 11, 'p', 22100, NULL),
(3598, 125, 10, 23, 'p', 36750, NULL),
(3599, 125, 10, 2, 'p', 11500, NULL),
(3600, 125, 10, 19, 'p', 5000, NULL),
(3601, 125, 10, 27, 'p', 16500, NULL),
(3602, 125, 10, 7, 'p', 23625, NULL),
(3603, 125, 10, 24, 'p', 16500, NULL),
(3604, 125, 10, 20, 'p', 4900, NULL),
(3605, 125, 10, 15, 'p', 5200, NULL),
(3606, 125, 10, 29, 'p', 13800, NULL),
(3607, 125, 10, 12, 'p', 11200, NULL),
(3608, 125, 10, 16, 'p', 6800, NULL),
(3609, 125, 10, 18, 'p', 5600, NULL),
(3610, 125, 10, 25, 'p', 18800, NULL),
(3611, 125, 10, 14, 'p', 11200, NULL),
(3612, 125, 10, 1, 'p', 18800, NULL),
(3613, 125, 10, 26, 'p', 18800, NULL),
(3614, 125, 10, 6, 'p', 13800, NULL),
(3615, 125, 10, 4, 'p', 60000, NULL),
(3616, 125, 10, 22, 'p', 12700, NULL),
(3617, 125, 10, 28, 'p', 16500, NULL),
(3618, 125, 10, 21, 'p', 26250, NULL),
(3619, 125, 10, 17, 'p', 6800, NULL),
(3620, 125, 10, 5, 'p', 42000, NULL),
(3621, 125, 10, 10, 'p', 5600, NULL),
(3622, 125, 10, 13, 'p', 6000, NULL),
(3623, 125, 10, 8, 'p', 8700, NULL),
(3624, 125, 10, 3, 'p', 0, NULL),
(3625, 125, 10, 9, 'p', 5600, NULL),
(3626, 126, 10, 11, 'p', 243100, NULL),
(3627, 126, 10, 23, 'p', 0, NULL),
(3628, 126, 10, 2, 'p', 126500, NULL),
(3629, 126, 10, 19, 'p', 55000, NULL),
(3630, 126, 10, 27, 'p', 181500, NULL),
(3631, 126, 10, 7, 'p', 0, NULL),
(3632, 126, 10, 24, 'p', 181500, NULL),
(3633, 126, 10, 20, 'p', 53900, NULL),
(3634, 126, 10, 15, 'p', 57200, NULL),
(3635, 126, 10, 29, 'p', 151800, NULL),
(3636, 126, 10, 12, 'p', 123200, NULL),
(3637, 126, 10, 16, 'p', 74800, NULL),
(3638, 126, 10, 18, 'p', 61600, NULL),
(3639, 126, 10, 25, 'p', 206800, NULL),
(3640, 126, 10, 14, 'p', 123200, NULL),
(3641, 126, 10, 1, 'p', 206800, NULL),
(3642, 126, 10, 26, 'p', 206800, NULL),
(3643, 126, 10, 6, 'p', 151800, NULL),
(3644, 126, 10, 4, 'p', 0, NULL),
(3645, 126, 10, 22, 'p', 139700, NULL),
(3646, 126, 10, 28, 'p', 181500, NULL),
(3647, 126, 10, 21, 'p', 0, NULL),
(3648, 126, 10, 17, 'p', 74800, NULL),
(3649, 126, 10, 5, 'p', 0, NULL),
(3650, 126, 10, 10, 'p', 61600, NULL),
(3651, 126, 10, 13, 'p', 66000, NULL),
(3652, 126, 10, 8, 'p', 95700, NULL),
(3653, 126, 10, 3, 'p', 0, NULL),
(3654, 126, 10, 9, 'p', 61600, NULL),
(3655, 127, 10, 11, 'p', 44200, NULL),
(3656, 127, 10, 23, 'p', 0, NULL),
(3657, 127, 10, 2, 'p', 23000, NULL),
(3658, 127, 10, 19, 'p', 10000, NULL),
(3659, 127, 10, 27, 'p', 33000, NULL),
(3660, 127, 10, 7, 'p', 0, NULL),
(3661, 127, 10, 24, 'p', 33000, NULL),
(3662, 127, 10, 20, 'p', 9800, NULL),
(3663, 127, 10, 15, 'p', 10400, NULL),
(3664, 127, 10, 29, 'p', 27600, NULL),
(3665, 127, 10, 12, 'p', 22400, NULL),
(3666, 127, 10, 16, 'p', 13600, NULL),
(3667, 127, 10, 18, 'p', 11200, NULL),
(3668, 127, 10, 25, 'p', 37600, NULL),
(3669, 127, 10, 14, 'p', 22400, NULL),
(3670, 127, 10, 1, 'p', 37600, NULL),
(3671, 127, 10, 26, 'p', 37600, NULL),
(3672, 127, 10, 6, 'p', 27600, NULL),
(3673, 127, 10, 4, 'p', 0, NULL),
(3674, 127, 10, 22, 'p', 25400, NULL),
(3675, 127, 10, 28, 'p', 33000, NULL),
(3676, 127, 10, 21, 'p', 0, NULL),
(3677, 127, 10, 17, 'p', 13600, NULL),
(3678, 127, 10, 5, 'p', 0, NULL),
(3679, 127, 10, 10, 'p', 11200, NULL),
(3680, 127, 10, 13, 'p', 12000, NULL),
(3681, 127, 10, 8, 'p', 17400, NULL),
(3682, 127, 10, 3, 'p', 0, NULL),
(3683, 127, 10, 9, 'p', 11200, NULL),
(3684, 128, 10, 11, 'p', 198900, NULL),
(3685, 128, 10, 23, 'p', 0, NULL),
(3686, 128, 10, 2, 'p', 103500, NULL),
(3687, 128, 10, 19, 'p', 45000, NULL),
(3688, 128, 10, 27, 'p', 148500, NULL),
(3689, 128, 10, 7, 'p', 0, NULL),
(3690, 128, 10, 24, 'p', 148500, NULL),
(3691, 128, 10, 20, 'p', 44100, NULL),
(3692, 128, 10, 15, 'p', 46800, NULL),
(3693, 128, 10, 29, 'p', 124200, NULL),
(3694, 128, 10, 12, 'p', 100800, NULL),
(3695, 128, 10, 16, 'p', 61200, NULL),
(3696, 128, 10, 18, 'p', 50400, NULL),
(3697, 128, 10, 25, 'p', 169200, NULL),
(3698, 128, 10, 14, 'p', 100800, NULL),
(3699, 128, 10, 1, 'p', 169200, NULL),
(3700, 128, 10, 26, 'p', 169200, NULL),
(3701, 128, 10, 6, 'p', 124200, NULL),
(3702, 128, 10, 4, 'p', 0, NULL),
(3703, 128, 10, 22, 'p', 114300, NULL),
(3704, 128, 10, 28, 'p', 148500, NULL),
(3705, 128, 10, 21, 'p', 0, NULL),
(3706, 128, 10, 17, 'p', 61200, NULL),
(3707, 128, 10, 5, 'p', 0, NULL),
(3708, 128, 10, 10, 'p', 50400, NULL),
(3709, 128, 10, 13, 'p', 54000, NULL),
(3710, 128, 10, 8, 'p', 78300, NULL),
(3711, 128, 10, 3, 'p', 0, NULL),
(3712, 128, 10, 9, 'p', 50400, NULL),
(3713, 129, 10, 11, 'p', 66300, NULL),
(3714, 129, 10, 23, 'p', 0, NULL),
(3715, 129, 10, 2, 'p', 34500, NULL),
(3716, 129, 10, 19, 'p', 15000, NULL),
(3717, 129, 10, 27, 'p', 49500, NULL),
(3718, 129, 10, 7, 'p', 0, NULL),
(3719, 129, 10, 24, 'p', 49500, NULL),
(3720, 129, 10, 20, 'p', 14700, NULL),
(3721, 129, 10, 15, 'p', 15600, NULL),
(3722, 129, 10, 29, 'p', 41400, NULL),
(3723, 129, 10, 12, 'p', 33600, NULL),
(3724, 129, 10, 16, 'p', 20400, NULL),
(3725, 129, 10, 18, 'p', 16800, NULL),
(3726, 129, 10, 25, 'p', 56400, NULL),
(3727, 129, 10, 14, 'p', 33600, NULL),
(3728, 129, 10, 1, 'p', 56400, NULL),
(3729, 129, 10, 26, 'p', 56400, NULL),
(3730, 129, 10, 6, 'p', 41400, NULL),
(3731, 129, 10, 4, 'p', 0, NULL),
(3732, 129, 10, 22, 'p', 38100, NULL),
(3733, 129, 10, 28, 'p', 49500, NULL),
(3734, 129, 10, 21, 'p', 0, NULL),
(3735, 129, 10, 17, 'p', 20400, NULL),
(3736, 129, 10, 5, 'p', 0, NULL),
(3737, 129, 10, 10, 'p', 16800, NULL),
(3738, 129, 10, 13, 'p', 18000, NULL),
(3739, 129, 10, 8, 'p', 26100, NULL),
(3740, 129, 10, 3, 'p', 0, NULL),
(3741, 129, 10, 9, 'p', 16800, NULL),
(3742, 130, 10, 11, 'p', 44200, NULL),
(3743, 130, 10, 23, 'p', 0, NULL),
(3744, 130, 10, 2, 'p', 23000, NULL),
(3745, 130, 10, 19, 'p', 10000, NULL),
(3746, 130, 10, 27, 'p', 33000, NULL),
(3747, 130, 10, 7, 'p', 0, NULL),
(3748, 130, 10, 24, 'p', 33000, NULL),
(3749, 130, 10, 20, 'p', 9800, NULL),
(3750, 130, 10, 15, 'p', 10400, NULL),
(3751, 130, 10, 29, 'p', 27600, NULL),
(3752, 130, 10, 12, 'p', 22400, NULL),
(3753, 130, 10, 16, 'p', 13600, NULL),
(3754, 130, 10, 18, 'p', 11200, NULL),
(3755, 130, 10, 25, 'p', 37600, NULL),
(3756, 130, 10, 14, 'p', 22400, NULL),
(3757, 130, 10, 1, 'p', 37600, NULL),
(3758, 130, 10, 26, 'p', 37600, NULL),
(3759, 130, 10, 6, 'p', 27600, NULL),
(3760, 130, 10, 4, 'p', 0, NULL),
(3761, 130, 10, 22, 'p', 25400, NULL),
(3762, 130, 10, 28, 'p', 33000, NULL),
(3763, 130, 10, 21, 'p', 0, NULL),
(3764, 130, 10, 17, 'p', 13600, NULL),
(3765, 130, 10, 5, 'p', 0, NULL),
(3766, 130, 10, 10, 'p', 11200, NULL),
(3767, 130, 10, 13, 'p', 12000, NULL),
(3768, 130, 10, 8, 'p', 17400, NULL),
(3769, 130, 10, 3, 'p', 0, NULL),
(3770, 130, 10, 9, 'p', 11200, NULL),
(3771, 131, 10, 11, 'p', 110500, NULL),
(3772, 131, 10, 23, 'p', 0, NULL),
(3773, 131, 10, 2, 'p', 57500, NULL),
(3774, 131, 10, 19, 'p', 25000, NULL),
(3775, 131, 10, 27, 'p', 82500, NULL),
(3776, 131, 10, 7, 'p', 0, NULL),
(3777, 131, 10, 24, 'p', 82500, NULL),
(3778, 131, 10, 20, 'p', 24500, NULL),
(3779, 131, 10, 15, 'p', 26000, NULL),
(3780, 131, 10, 29, 'p', 69000, NULL),
(3781, 131, 10, 12, 'p', 56000, NULL),
(3782, 131, 10, 16, 'p', 34000, NULL),
(3783, 131, 10, 18, 'p', 28000, NULL),
(3784, 131, 10, 25, 'p', 94000, NULL),
(3785, 131, 10, 14, 'p', 56000, NULL),
(3786, 131, 10, 1, 'p', 94000, NULL),
(3787, 131, 10, 26, 'p', 94000, NULL),
(3788, 131, 10, 6, 'p', 69000, NULL),
(3789, 131, 10, 4, 'p', 0, NULL),
(3790, 131, 10, 22, 'p', 63500, NULL),
(3791, 131, 10, 28, 'p', 82500, NULL),
(3792, 131, 10, 21, 'p', 0, NULL),
(3793, 131, 10, 17, 'p', 34000, NULL),
(3794, 131, 10, 5, 'p', 0, NULL),
(3795, 131, 10, 10, 'p', 28000, NULL),
(3796, 131, 10, 13, 'p', 30000, NULL),
(3797, 131, 10, 8, 'p', 43500, NULL),
(3798, 131, 10, 3, 'p', 0, NULL),
(3799, 131, 10, 9, 'p', 28000, NULL),
(3800, 132, 10, 11, 'p', 55250, NULL),
(3801, 132, 10, 23, 'p', 0, NULL),
(3802, 132, 10, 2, 'p', 28750, NULL),
(3803, 132, 10, 19, 'p', 12500, NULL),
(3804, 132, 10, 27, 'p', 41250, NULL),
(3805, 132, 10, 7, 'p', 0, NULL),
(3806, 132, 10, 24, 'p', 41250, NULL),
(3807, 132, 10, 20, 'p', 12250, NULL),
(3808, 132, 10, 15, 'p', 13000, NULL),
(3809, 132, 10, 29, 'p', 34500, NULL),
(3810, 132, 10, 12, 'p', 28000, NULL),
(3811, 132, 10, 16, 'p', 17000, NULL),
(3812, 132, 10, 18, 'p', 14000, NULL),
(3813, 132, 10, 25, 'p', 47000, NULL),
(3814, 132, 10, 14, 'p', 28000, NULL),
(3815, 132, 10, 1, 'p', 47000, NULL),
(3816, 132, 10, 26, 'p', 47000, NULL),
(3817, 132, 10, 6, 'p', 34500, NULL),
(3818, 132, 10, 4, 'p', 0, NULL),
(3819, 132, 10, 22, 'p', 31750, NULL),
(3820, 132, 10, 28, 'p', 41250, NULL),
(3821, 132, 10, 21, 'p', 0, NULL),
(3822, 132, 10, 17, 'p', 17000, NULL),
(3823, 132, 10, 5, 'p', 0, NULL),
(3824, 132, 10, 10, 'p', 14000, NULL),
(3825, 132, 10, 13, 'p', 15000, NULL),
(3826, 132, 10, 8, 'p', 21750, NULL),
(3827, 132, 10, 3, 'p', 0, NULL),
(3828, 132, 10, 9, 'p', 14000, NULL),
(3829, 133, 10, 11, 'p', 66300, NULL),
(3830, 133, 10, 23, 'p', 7350, NULL),
(3831, 133, 10, 2, 'p', 34500, NULL),
(3832, 133, 10, 19, 'p', 15000, NULL),
(3833, 133, 10, 27, 'p', 49500, NULL),
(3834, 133, 10, 7, 'p', 4725, NULL),
(3835, 133, 10, 24, 'p', 49500, NULL),
(3836, 133, 10, 20, 'p', 14700, NULL),
(3837, 133, 10, 15, 'p', 15600, NULL),
(3838, 133, 10, 29, 'p', 41400, NULL),
(3839, 133, 10, 12, 'p', 33600, NULL),
(3840, 133, 10, 16, 'p', 20400, NULL),
(3841, 133, 10, 18, 'p', 16800, NULL),
(3842, 133, 10, 25, 'p', 56400, NULL),
(3843, 133, 10, 14, 'p', 33600, NULL),
(3844, 133, 10, 1, 'p', 56400, NULL),
(3845, 133, 10, 26, 'p', 56400, NULL),
(3846, 133, 10, 6, 'p', 41400, NULL),
(3847, 133, 10, 4, 'p', 12000, NULL),
(3848, 133, 10, 22, 'p', 38100, NULL),
(3849, 133, 10, 28, 'p', 49500, NULL),
(3850, 133, 10, 21, 'p', 5250, NULL),
(3851, 133, 10, 17, 'p', 20400, NULL),
(3852, 133, 10, 5, 'p', 8400, NULL),
(3853, 133, 10, 10, 'p', 16800, NULL),
(3854, 133, 10, 13, 'p', 18000, NULL),
(3855, 133, 10, 8, 'p', 26100, NULL),
(3856, 133, 10, 3, 'p', 0, NULL),
(3857, 133, 10, 9, 'p', 16800, NULL),
(3858, 134, 10, 11, 'p', 121550, NULL),
(3859, 134, 10, 23, 'p', 88200, NULL),
(3860, 134, 10, 2, 'p', 63250, NULL),
(3861, 134, 10, 19, 'p', 27500, NULL),
(3862, 134, 10, 27, 'p', 90750, NULL),
(3863, 134, 10, 7, 'p', 56700, NULL),
(3864, 134, 10, 24, 'p', 90750, NULL),
(3865, 134, 10, 20, 'p', 26950, NULL),
(3866, 134, 10, 15, 'p', 28600, NULL),
(3867, 134, 10, 29, 'p', 75900, NULL),
(3868, 134, 10, 12, 'p', 61600, NULL),
(3869, 134, 10, 16, 'p', 37400, NULL),
(3870, 134, 10, 18, 'p', 30800, NULL),
(3871, 134, 10, 25, 'p', 103400, NULL),
(3872, 134, 10, 14, 'p', 61600, NULL),
(3873, 134, 10, 1, 'p', 103400, NULL),
(3874, 134, 10, 26, 'p', 103400, NULL),
(3875, 134, 10, 6, 'p', 75900, NULL),
(3876, 134, 10, 4, 'p', 144000, NULL),
(3877, 134, 10, 22, 'p', 69850, NULL),
(3878, 134, 10, 28, 'p', 90750, NULL),
(3879, 134, 10, 21, 'p', 63000, NULL),
(3880, 134, 10, 17, 'p', 37400, NULL),
(3881, 134, 10, 5, 'p', 100800, NULL),
(3882, 134, 10, 10, 'p', 30800, NULL),
(3883, 134, 10, 13, 'p', 33000, NULL),
(3884, 134, 10, 8, 'p', 47850, NULL),
(3885, 134, 10, 3, 'p', 0, NULL),
(3886, 134, 10, 9, 'p', 30800, NULL),
(3887, 135, 7, 11, 'p', 248500, NULL),
(3888, 135, 7, 23, 'p', 301350, NULL),
(3889, 135, 7, 2, 'p', 228000, NULL),
(3890, 135, 7, 19, 'p', 103950, NULL),
(3891, 135, 7, 27, 'p', 256500, NULL),
(3892, 135, 7, 7, 'p', 193725, NULL),
(3893, 135, 7, 24, 'p', 250700, NULL),
(3894, 135, 7, 20, 'p', 69000, NULL),
(3895, 135, 7, 15, 'p', 107800, NULL),
(3896, 135, 7, 29, 'p', 239500, NULL),
(3897, 135, 7, 12, 'p', 144500, NULL),
(3898, 135, 7, 16, 'p', 119000, NULL),
(3899, 135, 7, 18, 'p', 110550, NULL),
(3900, 135, 7, 25, 'p', 314500, NULL),
(3901, 135, 7, 14, 'p', 133800, NULL),
(3902, 135, 7, 1, 'p', 314500, NULL),
(3903, 135, 7, 26, 'p', 314500, NULL),
(3904, 135, 7, 6, 'p', 239500, NULL),
(3905, 135, 7, 4, 'p', 492000, NULL),
(3906, 135, 7, 22, 'p', 234000, NULL),
(3907, 135, 7, 28, 'p', 256500, NULL),
(3908, 135, 7, 21, 'p', 215250, NULL),
(3909, 135, 7, 17, 'p', 119000, NULL),
(3910, 135, 7, 5, 'p', 344400, NULL),
(3911, 135, 7, 10, 'p', 110550, NULL),
(3912, 135, 7, 13, 'p', 111650, NULL),
(3913, 135, 7, 8, 'p', 129500, NULL),
(3914, 135, 7, 3, 'p', 0, NULL),
(3915, 135, 7, 9, 'p', 110550, NULL),
(3916, 136, 7, 11, 'p', 248500, NULL),
(3917, 136, 7, 23, 'p', 404250, NULL),
(3918, 136, 7, 2, 'p', 228000, NULL),
(3919, 136, 7, 19, 'p', 103950, NULL),
(3920, 136, 7, 27, 'p', 256500, NULL),
(3921, 136, 7, 7, 'p', 259875, NULL),
(3922, 136, 7, 24, 'p', 250700, NULL),
(3923, 136, 7, 20, 'p', 69000, NULL),
(3924, 136, 7, 15, 'p', 107800, NULL),
(3925, 136, 7, 29, 'p', 239500, NULL),
(3926, 136, 7, 12, 'p', 144500, NULL),
(3927, 136, 7, 16, 'p', 119000, NULL),
(3928, 136, 7, 18, 'p', 110550, NULL),
(3929, 136, 7, 25, 'p', 314500, NULL),
(3930, 136, 7, 14, 'p', 133800, NULL),
(3931, 136, 7, 1, 'p', 314500, NULL),
(3932, 136, 7, 26, 'p', 314500, NULL),
(3933, 136, 7, 6, 'p', 239500, NULL),
(3934, 136, 7, 4, 'p', 660000, NULL),
(3935, 136, 7, 22, 'p', 234000, NULL),
(3936, 136, 7, 28, 'p', 256500, NULL),
(3937, 136, 7, 21, 'p', 288750, NULL),
(3938, 136, 7, 17, 'p', 119000, NULL),
(3939, 136, 7, 5, 'p', 462000, NULL),
(3940, 136, 7, 10, 'p', 110550, NULL),
(3941, 136, 7, 13, 'p', 111650, NULL),
(3942, 136, 7, 8, 'p', 129500, NULL),
(3943, 136, 7, 3, 'p', 0, NULL),
(3944, 136, 7, 9, 'p', 110550, NULL),
(3945, 137, 7, 11, 'p', 248500, NULL),
(3946, 137, 7, 23, 'p', 771750, NULL),
(3947, 137, 7, 2, 'p', 228000, NULL),
(3948, 137, 7, 19, 'p', 103950, NULL),
(3949, 137, 7, 27, 'p', 256500, NULL),
(3950, 137, 7, 7, 'p', 496125, NULL),
(3951, 137, 7, 24, 'p', 250700, NULL),
(3952, 137, 7, 20, 'p', 69000, NULL),
(3953, 137, 7, 15, 'p', 107800, NULL),
(3954, 137, 7, 29, 'p', 239500, NULL),
(3955, 137, 7, 12, 'p', 144500, NULL),
(3956, 137, 7, 16, 'p', 119000, NULL),
(3957, 137, 7, 18, 'p', 110550, NULL),
(3958, 137, 7, 25, 'p', 314500, NULL),
(3959, 137, 7, 14, 'p', 133800, NULL),
(3960, 137, 7, 1, 'p', 314500, NULL),
(3961, 137, 7, 26, 'p', 314500, NULL),
(3962, 137, 7, 6, 'p', 239500, NULL),
(3963, 137, 7, 4, 'p', 1260000, NULL),
(3964, 137, 7, 22, 'p', 234000, NULL),
(3965, 137, 7, 28, 'p', 256500, NULL),
(3966, 137, 7, 21, 'p', 551250, NULL),
(3967, 137, 7, 17, 'p', 119000, NULL),
(3968, 137, 7, 5, 'p', 882000, NULL),
(3969, 137, 7, 10, 'p', 110550, NULL),
(3970, 137, 7, 13, 'p', 111650, NULL),
(3971, 137, 7, 8, 'p', 129500, NULL),
(3972, 137, 7, 3, 'p', 0, NULL),
(3973, 137, 7, 9, 'p', 110550, NULL),
(3974, 138, 7, 11, 'p', 248500, NULL),
(3975, 138, 7, 23, 'p', 815850, NULL),
(3976, 138, 7, 2, 'p', 228000, NULL),
(3977, 138, 7, 19, 'p', 103950, NULL),
(3978, 138, 7, 27, 'p', 256500, NULL),
(3979, 138, 7, 7, 'p', 524475, NULL),
(3980, 138, 7, 24, 'p', 250700, NULL),
(3981, 138, 7, 20, 'p', 69000, NULL),
(3982, 138, 7, 15, 'p', 107800, NULL),
(3983, 138, 7, 29, 'p', 239500, NULL),
(3984, 138, 7, 12, 'p', 144500, NULL),
(3985, 138, 7, 16, 'p', 119000, NULL),
(3986, 138, 7, 18, 'p', 110550, NULL),
(3987, 138, 7, 25, 'p', 314500, NULL),
(3988, 138, 7, 14, 'p', 133800, NULL),
(3989, 138, 7, 1, 'p', 314500, NULL),
(3990, 138, 7, 26, 'p', 314500, NULL),
(3991, 138, 7, 6, 'p', 239500, NULL),
(3992, 138, 7, 4, 'p', 1332000, NULL),
(3993, 138, 7, 22, 'p', 234000, NULL),
(3994, 138, 7, 28, 'p', 256500, NULL),
(3995, 138, 7, 21, 'p', 582750, NULL),
(3996, 138, 7, 17, 'p', 119000, NULL),
(3997, 138, 7, 5, 'p', 932400, NULL),
(3998, 138, 7, 10, 'p', 110550, NULL),
(3999, 138, 7, 13, 'p', 111650, NULL),
(4000, 138, 7, 8, 'p', 129500, NULL),
(4001, 138, 7, 3, 'p', 0, NULL),
(4002, 138, 7, 9, 'p', 110550, NULL),
(4003, 139, 7, 11, 'p', 248500, NULL),
(4004, 139, 7, 23, 'p', 933450, NULL),
(4005, 139, 7, 2, 'p', 228000, NULL),
(4006, 139, 7, 19, 'p', 103950, NULL),
(4007, 139, 7, 27, 'p', 256500, NULL),
(4008, 139, 7, 7, 'p', 600075, NULL),
(4009, 139, 7, 24, 'p', 250700, NULL),
(4010, 139, 7, 20, 'p', 69000, NULL),
(4011, 139, 7, 15, 'p', 107800, NULL),
(4012, 139, 7, 29, 'p', 239500, NULL),
(4013, 139, 7, 12, 'p', 144500, NULL),
(4014, 139, 7, 16, 'p', 119000, NULL),
(4015, 139, 7, 18, 'p', 110550, NULL),
(4016, 139, 7, 25, 'p', 314500, NULL),
(4017, 139, 7, 14, 'p', 133800, NULL),
(4018, 139, 7, 1, 'p', 314500, NULL),
(4019, 139, 7, 26, 'p', 314500, NULL),
(4020, 139, 7, 6, 'p', 239500, NULL),
(4021, 139, 7, 4, 'p', 1524000, NULL),
(4022, 139, 7, 22, 'p', 234000, NULL),
(4023, 139, 7, 28, 'p', 256500, NULL),
(4024, 139, 7, 21, 'p', 666750, NULL),
(4025, 139, 7, 17, 'p', 119000, NULL),
(4026, 139, 7, 5, 'p', 1066800, NULL),
(4027, 139, 7, 10, 'p', 110550, NULL),
(4028, 139, 7, 13, 'p', 111650, NULL),
(4029, 139, 7, 8, 'p', 129500, NULL),
(4030, 139, 7, 3, 'p', 0, NULL),
(4031, 139, 7, 9, 'p', 110550, NULL),
(4032, 140, 7, 11, 'p', 248500, NULL),
(4033, 140, 7, 23, 'p', 984900, NULL),
(4034, 140, 7, 2, 'p', 228000, NULL),
(4035, 140, 7, 19, 'p', 103950, NULL),
(4036, 140, 7, 27, 'p', 256500, NULL),
(4037, 140, 7, 7, 'p', 633150, NULL),
(4038, 140, 7, 24, 'p', 250700, NULL),
(4039, 140, 7, 20, 'p', 69000, NULL),
(4040, 140, 7, 15, 'p', 107800, NULL),
(4041, 140, 7, 29, 'p', 239500, NULL),
(4042, 140, 7, 12, 'p', 144500, NULL),
(4043, 140, 7, 16, 'p', 119000, NULL),
(4044, 140, 7, 18, 'p', 110550, NULL),
(4045, 140, 7, 25, 'p', 314500, NULL),
(4046, 140, 7, 14, 'p', 133800, NULL),
(4047, 140, 7, 1, 'p', 314500, NULL),
(4048, 140, 7, 26, 'p', 314500, NULL),
(4049, 140, 7, 6, 'p', 239500, NULL),
(4050, 140, 7, 4, 'p', 1608000, NULL),
(4051, 140, 7, 22, 'p', 234000, NULL),
(4052, 140, 7, 28, 'p', 256500, NULL),
(4053, 140, 7, 21, 'p', 703500, NULL),
(4054, 140, 7, 17, 'p', 119000, NULL),
(4055, 140, 7, 5, 'p', 1125600, NULL),
(4056, 140, 7, 10, 'p', 110550, NULL),
(4057, 140, 7, 13, 'p', 111650, NULL),
(4058, 140, 7, 8, 'p', 129500, NULL),
(4059, 140, 7, 3, 'p', 0, NULL),
(4060, 140, 7, 9, 'p', 110550, NULL),
(4061, 141, 7, 11, 'p', 248500, NULL),
(4062, 141, 7, 23, 'p', 558600, NULL),
(4063, 141, 7, 2, 'p', 228000, NULL),
(4064, 141, 7, 19, 'p', 103950, NULL),
(4065, 141, 7, 27, 'p', 256500, NULL),
(4066, 141, 7, 7, 'p', 359100, NULL),
(4067, 141, 7, 24, 'p', 250700, NULL),
(4068, 141, 7, 20, 'p', 69000, NULL),
(4069, 141, 7, 15, 'p', 107800, NULL),
(4070, 141, 7, 29, 'p', 239500, NULL),
(4071, 141, 7, 12, 'p', 144500, NULL),
(4072, 141, 7, 16, 'p', 119000, NULL),
(4073, 141, 7, 18, 'p', 110550, NULL),
(4074, 141, 7, 25, 'p', 314500, NULL),
(4075, 141, 7, 14, 'p', 133800, NULL),
(4076, 141, 7, 1, 'p', 314500, NULL),
(4077, 141, 7, 26, 'p', 314500, NULL),
(4078, 141, 7, 6, 'p', 239500, NULL),
(4079, 141, 7, 4, 'p', 912000, NULL),
(4080, 141, 7, 22, 'p', 234000, NULL),
(4081, 141, 7, 28, 'p', 256500, NULL),
(4082, 141, 7, 21, 'p', 399000, NULL),
(4083, 141, 7, 17, 'p', 119000, NULL),
(4084, 141, 7, 5, 'p', 638400, NULL),
(4085, 141, 7, 10, 'p', 110550, NULL),
(4086, 141, 7, 13, 'p', 111650, NULL),
(4087, 141, 7, 8, 'p', 129500, NULL),
(4088, 141, 7, 3, 'p', 0, NULL),
(4089, 141, 7, 9, 'p', 110550, NULL);

-- --------------------------------------------------------

--
-- Table structure for table `tbl_region`
--

CREATE TABLE IF NOT EXISTS `tbl_region` (
`id_region` int(3) NOT NULL,
  `nama_region` varchar(50) NOT NULL,
  `satuan_volumetric` int(10) DEFAULT NULL,
  `satuan_weight` int(10) DEFAULT NULL,
  `satuan_volumetric_c` int(5) DEFAULT NULL,
  `satuan_weight_c` int(5) DEFAULT NULL
) ENGINE=InnoDB AUTO_INCREMENT=30 DEFAULT CHARSET=latin1;

--
-- Dumping data for table `tbl_region`
--

INSERT INTO `tbl_region` (`id_region`, `nama_region`, `satuan_volumetric`, `satuan_weight`, `satuan_volumetric_c`, `satuan_weight_c`) VALUES
(1, 'MANADO', 0, 7142, 0, 9400),
(2, 'BANDAR LAMPUNG', 0, 4421, 0, 5750),
(3, 'TANJUNG PINANG', 0, 0, 0, 0),
(4, 'PALANGKARAYA', 12000, 0, 12000, 0),
(5, 'SAMARINDA', 8400, 0, 8400, 0),
(6, 'PADANG', 0, 5657, 0, 6900),
(7, 'BANJARMASIN', 4725, 0, 4725, 0),
(8, 'SURABAYA', 0, 3657, 0, 4350),
(9, 'YOGYAKARTA', 0, 3078, 0, 2800),
(10, 'SEMARANG', 0, 3078, 0, 2800),
(11, 'BALI', 0, 9578, 0, 11050),
(12, 'JOMBANG', 0, 6078, 0, 5600),
(13, 'SOLO', 0, 3155, 0, 3000),
(14, 'MALANG', 0, 5868, 0, 5600),
(15, 'CIREBON', 0, 2815, 0, 2600),
(16, 'KUDUS', 0, 4473, 0, 3400),
(17, 'PURWOKERTO', 0, 4473, 0, 3400),
(18, 'MAGELANG', 0, 3078, 0, 2800),
(19, 'BANDUNG', 0, 2460, 0, 2500),
(20, 'BOGOR', 0, 1921, 0, 2450),
(21, 'PONTIANAK', 5250, 0, 5250, 0),
(22, 'PALEMBANG', 0, 5084, 0, 6350),
(23, 'BALIKPAPAN', 7350, 0, 7350, 0),
(24, 'BATAM', 0, 6736, 0, 8250),
(25, 'MAKASSAR', 0, 7142, 0, 9400),
(26, 'MEDAN', 0, 7142, 0, 9400),
(27, 'BANGKA', 0, 6736, 0, 8250),
(28, 'PEKANBARU', 0, 6736, 0, 8250),
(29, 'JAMBI', 0, 5857, 0, 6900);

-- --------------------------------------------------------

--
-- Table structure for table `tbl_report`
--

CREATE TABLE IF NOT EXISTS `tbl_report` (
`id_report` int(5) NOT NULL,
  `id_vehicle` int(3) NOT NULL,
  `id_driver` int(3) NOT NULL,
  `id_assistant` int(3) NOT NULL,
  `do_num` int(10) DEFAULT NULL,
  `do_print_date` date DEFAULT NULL,
  `exit_date` date DEFAULT NULL,
  `received_date` date DEFAULT NULL,
  `received_num` int(10) DEFAULT NULL,
  `late` varchar(5) DEFAULT NULL,
  `id_dealer` int(3) NOT NULL,
  `id_product_catalog` int(3) NOT NULL,
  `quantity` int(5) NOT NULL,
  `total_weight` int(5) DEFAULT NULL,
  `total_volumetric` int(5) DEFAULT NULL,
  `price` int(10) NOT NULL,
  `total_price` int(10) DEFAULT NULL,
  `description` text,
  `status` enum('waiting','progress','delivered') DEFAULT NULL
) ENGINE=InnoDB AUTO_INCREMENT=10 DEFAULT CHARSET=latin1;

--
-- Dumping data for table `tbl_report`
--

INSERT INTO `tbl_report` (`id_report`, `id_vehicle`, `id_driver`, `id_assistant`, `do_num`, `do_print_date`, `exit_date`, `received_date`, `received_num`, `late`, `id_dealer`, `id_product_catalog`, `quantity`, `total_weight`, `total_volumetric`, `price`, `total_price`, `description`, `status`) VALUES
(4, 2, 1, 1, 0, '2016-07-08', '2016-07-08', '2016-07-08', 0, '+6', 84, 120, 1, 6, 18, 84600, 84600, '', 'delivered'),
(5, 2, 1, 1, 0, '2016-07-08', '0000-00-00', '0000-00-00', 0, '', 68, 120, 1, 6, 18, 132300, 132300, 'test', 'waiting'),
(6, 2, 1, 1, 0, '2016-07-08', '0000-00-00', '0000-00-00', 0, '', 68, 120, 1, 6, 18, 132300, 132300, '', 'waiting'),
(7, 2, 1, 1, 0, '2016-07-08', '0000-00-00', '0000-00-00', 0, '', 68, 120, 1, 6, 18, 132300, 132300, '', 'waiting'),
(8, 2, 1, 1, 0, '2016-07-08', '0000-00-00', '0000-00-00', 0, '', 68, 120, 1, 6, 18, 132300, 132300, '', 'waiting'),
(9, 2, 1, 1, 0, '2016-07-08', '0000-00-00', '0000-00-00', 0, '', 68, 120, 1, 6, 18, 132300, 132300, '', 'waiting');

-- --------------------------------------------------------

--
-- Table structure for table `tbl_user`
--

CREATE TABLE IF NOT EXISTS `tbl_user` (
`id_user` int(3) NOT NULL,
  `username` varchar(50) DEFAULT NULL,
  `password` text,
  `level` enum('admin','staff','guest') DEFAULT NULL,
  `status` enum('show','hide') DEFAULT 'show'
) ENGINE=InnoDB AUTO_INCREMENT=7 DEFAULT CHARSET=latin1;

--
-- Dumping data for table `tbl_user`
--

INSERT INTO `tbl_user` (`id_user`, `username`, `password`, `level`, `status`) VALUES
(1, 'admin', '21232f297a57a5a743894a0e4a801fc3', 'admin', 'show'),
(5, 'staff', '1253208465b1efa876f982d8a9e73eef', 'staff', 'show'),
(6, 'adam', '1d7c2923c1684726dc23d2901c4d8157', 'admin', 'show');

-- --------------------------------------------------------

--
-- Table structure for table `tbl_vehicle`
--

CREATE TABLE IF NOT EXISTS `tbl_vehicle` (
`id_vehicle` int(3) NOT NULL,
  `no_polisi` varchar(10) NOT NULL,
  `merk` varchar(50) DEFAULT NULL,
  `jenis` varchar(50) DEFAULT NULL,
  `jumlah_ban` int(1) NOT NULL,
  `isi_silinder` int(4) DEFAULT NULL,
  `tahun_pembuatan` int(4) DEFAULT NULL,
  `no_rangka` varchar(20) DEFAULT NULL,
  `no_mesin` varchar(15) DEFAULT NULL,
  `period_stnk` date DEFAULT NULL,
  `bahan_bakar` varchar(20) DEFAULT NULL,
  `warna` varchar(25) DEFAULT NULL,
  `id_driver` int(3) DEFAULT NULL
) ENGINE=InnoDB AUTO_INCREMENT=15 DEFAULT CHARSET=latin1;

--
-- Dumping data for table `tbl_vehicle`
--

INSERT INTO `tbl_vehicle` (`id_vehicle`, `no_polisi`, `merk`, `jenis`, `jumlah_ban`, `isi_silinder`, `tahun_pembuatan`, `no_rangka`, `no_mesin`, `period_stnk`, `bahan_bakar`, `warna`, `id_driver`) VALUES
(2, 'B9358OZ', 'Isuzu', 'Light Truck Box', 4, 2771, 2003, 'MHCNH55EY3J008286', 'M008286', '2018-08-29', 'Solar', 'Ungu', 12),
(3, 'B9009WDA', 'Mitsubishi', 'Light Truck Box', 6, 3908, 2009, 'MHMFE71P19K012275', '4D34TE50235', '2019-07-13', 'Solar', 'Ungu', 6),
(4, 'B9216AQ', 'Mitsubishi', 'Light Truck Box', 6, 0, 0, '', '', '0000-00-00', 'Solar', 'Ungu', 4),
(5, 'B9761TC', 'Mitsubishi', 'Light Truck Box', 6, 0, 0, '', '', '0000-00-00', 'Solar', 'Ungu', 11),
(6, 'B9011WXR', 'Hino', 'Light Truck Box', 4, 0, 0, '', '', '0000-00-00', 'Solar', 'Ungu', 14),
(7, 'B9126WCA', 'Mitsubishi', 'Light Truck Box', 4, 0, 0, '', '', '0000-00-00', 'Solar', 'Ungu', 10),
(8, 'B9134WCB', 'Mitsubishi', 'Light Truck Box', 6, 0, 0, '', '', '0000-00-00', 'Solar', 'Ungu', 2),
(9, 'B9132WCB', 'Mitsubishi', 'Light Truck Box', 6, 0, 0, '', '', '0000-00-00', 'Solar', 'Ungu', 3),
(10, 'B9518WCA', 'Mitsubishi', 'Light Truck Box', 6, 3908, 0, 'MHNFE73T2BK019343', '4B34TGY9229', '2016-06-30', 'Solar', 'Ungu', 7),
(11, 'B9866WC', 'Mitsubishi', 'Light Truck Pickup', 4, 0, 0, '', '', '0000-00-00', 'Solar', 'Ungu', 1),
(12, 'B9523WCA', 'Mitsubishi', 'L300 Box', 4, 0, 0, '', '', '0000-00-00', '', 'Ungu', 8),
(13, 'B9023TC', 'Mitsubishi', 'L300 Box', 4, 0, 0, '', '', '0000-00-00', '', 'Ungu', 5),
(14, 'RENTAL', NULL, NULL, 0, NULL, NULL, NULL, NULL, NULL, NULL, NULL, NULL);

--
-- Indexes for dumped tables
--

--
-- Indexes for table `tbl_assistant`
--
ALTER TABLE `tbl_assistant`
 ADD PRIMARY KEY (`id_assistant`);

--
-- Indexes for table `tbl_class_name`
--
ALTER TABLE `tbl_class_name`
 ADD PRIMARY KEY (`id_class_name`);

--
-- Indexes for table `tbl_class_pricelist`
--
ALTER TABLE `tbl_class_pricelist`
 ADD PRIMARY KEY (`id_class_pricelist`);

--
-- Indexes for table `tbl_dealer`
--
ALTER TABLE `tbl_dealer`
 ADD PRIMARY KEY (`id_dealer`);

--
-- Indexes for table `tbl_driver`
--
ALTER TABLE `tbl_driver`
 ADD PRIMARY KEY (`id_driver`);

--
-- Indexes for table `tbl_expedition`
--
ALTER TABLE `tbl_expedition`
 ADD PRIMARY KEY (`id_expedition`);

--
-- Indexes for table `tbl_min_pricelist`
--
ALTER TABLE `tbl_min_pricelist`
 ADD PRIMARY KEY (`id_min_pricelist`);

--
-- Indexes for table `tbl_product_catalog`
--
ALTER TABLE `tbl_product_catalog`
 ADD PRIMARY KEY (`id_product_catalog`);

--
-- Indexes for table `tbl_product_price_list`
--
ALTER TABLE `tbl_product_price_list`
 ADD PRIMARY KEY (`id_product_price_list`);

--
-- Indexes for table `tbl_region`
--
ALTER TABLE `tbl_region`
 ADD PRIMARY KEY (`id_region`);

--
-- Indexes for table `tbl_report`
--
ALTER TABLE `tbl_report`
 ADD PRIMARY KEY (`id_report`);

--
-- Indexes for table `tbl_user`
--
ALTER TABLE `tbl_user`
 ADD PRIMARY KEY (`id_user`);

--
-- Indexes for table `tbl_vehicle`
--
ALTER TABLE `tbl_vehicle`
 ADD PRIMARY KEY (`id_vehicle`);

--
-- AUTO_INCREMENT for dumped tables
--

--
-- AUTO_INCREMENT for table `tbl_assistant`
--
ALTER TABLE `tbl_assistant`
MODIFY `id_assistant` int(3) NOT NULL AUTO_INCREMENT,AUTO_INCREMENT=11;
--
-- AUTO_INCREMENT for table `tbl_class_name`
--
ALTER TABLE `tbl_class_name`
MODIFY `id_class_name` int(3) NOT NULL AUTO_INCREMENT,AUTO_INCREMENT=11;
--
-- AUTO_INCREMENT for table `tbl_class_pricelist`
--
ALTER TABLE `tbl_class_pricelist`
MODIFY `id_class_pricelist` int(3) NOT NULL AUTO_INCREMENT,AUTO_INCREMENT=291;
--
-- AUTO_INCREMENT for table `tbl_dealer`
--
ALTER TABLE `tbl_dealer`
MODIFY `id_dealer` int(3) NOT NULL AUTO_INCREMENT,AUTO_INCREMENT=92;
--
-- AUTO_INCREMENT for table `tbl_driver`
--
ALTER TABLE `tbl_driver`
MODIFY `id_driver` int(3) NOT NULL AUTO_INCREMENT,AUTO_INCREMENT=16;
--
-- AUTO_INCREMENT for table `tbl_expedition`
--
ALTER TABLE `tbl_expedition`
MODIFY `id_expedition` int(3) NOT NULL AUTO_INCREMENT,AUTO_INCREMENT=24;
--
-- AUTO_INCREMENT for table `tbl_min_pricelist`
--
ALTER TABLE `tbl_min_pricelist`
MODIFY `id_min_pricelist` int(3) NOT NULL AUTO_INCREMENT,AUTO_INCREMENT=30;
--
-- AUTO_INCREMENT for table `tbl_product_catalog`
--
ALTER TABLE `tbl_product_catalog`
MODIFY `id_product_catalog` int(3) NOT NULL AUTO_INCREMENT,AUTO_INCREMENT=142;
--
-- AUTO_INCREMENT for table `tbl_product_price_list`
--
ALTER TABLE `tbl_product_price_list`
MODIFY `id_product_price_list` int(3) NOT NULL AUTO_INCREMENT,AUTO_INCREMENT=4090;
--
-- AUTO_INCREMENT for table `tbl_region`
--
ALTER TABLE `tbl_region`
MODIFY `id_region` int(3) NOT NULL AUTO_INCREMENT,AUTO_INCREMENT=30;
--
-- AUTO_INCREMENT for table `tbl_report`
--
ALTER TABLE `tbl_report`
MODIFY `id_report` int(5) NOT NULL AUTO_INCREMENT,AUTO_INCREMENT=10;
--
-- AUTO_INCREMENT for table `tbl_user`
--
ALTER TABLE `tbl_user`
MODIFY `id_user` int(3) NOT NULL AUTO_INCREMENT,AUTO_INCREMENT=7;
--
-- AUTO_INCREMENT for table `tbl_vehicle`
--
ALTER TABLE `tbl_vehicle`
MODIFY `id_vehicle` int(3) NOT NULL AUTO_INCREMENT,AUTO_INCREMENT=15;
/*!40101 SET CHARACTER_SET_CLIENT=@OLD_CHARACTER_SET_CLIENT */;
/*!40101 SET CHARACTER_SET_RESULTS=@OLD_CHARACTER_SET_RESULTS */;
/*!40101 SET COLLATION_CONNECTION=@OLD_COLLATION_CONNECTION */;
